symbol,signals,wins,losses,win_rate,net_unlevered_pct_sum,bars,ambiguous_bars
ALPINEUSDT,181,128,53,70.72,56.9,8352,0
BBUSDT,143,99,44,69.23,40.7,8352,1
ERAUSDT,185,124,61,67.03,44.5,8352,0
WAXPUSDT,197,132,65,67.01,47.3,8352,0
HYPERUSDT,215,144,71,66.98,51.5,8352,0
FIDAUSDT,106,70,36,66.04,23.4,8352,0
LUMIAUSDT,176,116,60,65.91,38.4,8352,0
DODOXUSDT,244,160,84,65.57,51.6,8352,0
BNBUSDT,202,132,70,65.35,41.8,8352,0
ZECUSDT,193,126,67,65.28,39.7,8352,0
ARKUSDT,126,82,44,65.08,25.4,8352,3
WOOUSDT,80,52,28,65.0,16.0,8352,1
FLUXUSDT,199,129,70,64.82,39.1,8352,0
LAYERUSDT,173,112,61,64.74,33.7,8352,0
LUNA2USDT,173,112,61,64.74,33.7,8352,0
INUSDT,164,106,58,64.63,31.6,8352,0
1000000MOGUSDT,82,53,29,64.63,15.8,8352,0
AIOTUSDT,110,71,39,64.55,21.0,8352,0
BATUSDT,213,137,76,64.32,39.7,8352,0
REUSDT,204,131,73,64.22,37.6,8352,0
POLYXUSDT,187,120,67,64.17,34.3,8352,0
SHELLUSDT,124,79,45,63.71,21.6,8352,0
ATHUSDT,187,119,68,63.64,32.3,8352,0
WETUSDT,187,119,68,63.64,32.3,8352,0
TUSDT,165,105,60,63.64,28.5,8352,0
CATIUSDT,211,134,77,63.51,35.9,8352,0
VELODROMEUSDT,148,94,54,63.51,25.2,8352,0
AGTUSDT,194,123,71,63.4,32.6,8352,2
ANKRUSDT,189,119,70,62.96,30.1,8352,0
SUSHIUSDT,191,120,71,62.83,29.9,8352,0
ATOMUSDT,164,103,61,62.8,25.6,8352,0
FLUIDUSDT,91,57,34,62.64,13.9,8352,0
BEAMXUSDT,120,75,45,62.5,18.0,8352,0
ZESTUSDT,186,116,70,62.37,27.4,8352,0
ASTRUSDT,225,140,85,62.22,32.5,8352,0
PROMUSDT,209,130,79,62.2,30.1,8352,1
VTHOUSDT,198,123,75,62.12,28.2,8352,6
PROVEUSDT,132,82,50,62.12,18.8,8352,0
WLDUSDT,205,127,78,61.95,28.5,8352,0
LQTYUSDT,155,96,59,61.94,21.5,8352,0
KAVAUSDT,147,91,56,61.9,20.3,8352,1
ETHWUSDT,125,77,48,61.6,16.5,8352,0
ORDERUSDT,151,93,58,61.59,19.9,8352,0
BTRUSDT,177,109,68,61.58,23.3,8352,1
ADAUSDT,104,64,40,61.54,13.6,8352,0
C98USDT,109,67,42,61.47,14.1,8352,0
HOTUSDT,171,105,66,61.4,21.9,8352,0
THEUSDT,189,116,73,61.38,24.1,8352,0
HIVEUSDT,150,92,58,61.33,19.0,8352,0
DOGEUSDT,199,122,77,61.31,25.1,8352,1
AUSDT,201,123,78,61.19,24.9,8352,1
TRUMPUSDT,128,78,50,60.94,15.2,8352,0
MIRAUSDT,219,133,86,60.73,25.1,8352,0
EULUSDT,216,131,85,60.65,24.4,8352,0
SOMIUSDT,134,81,53,60.45,14.6,8352,0
ENSUSDT,207,125,82,60.39,22.3,8352,0
AUCTIONUSDT,166,100,66,60.24,17.4,8352,0
ZORAUSDT,251,151,100,60.16,25.9,8352,0
HUSDT,188,113,75,60.11,19.2,8352,0
TAOUSDT,229,137,92,59.83,22.1,8352,0
UMAUSDT,169,101,68,59.76,16.1,8352,1
CARVUSDT,139,83,56,59.71,13.1,8352,1
ASRUSDT,158,94,64,59.49,14.2,8352,0
MAGICUSDT,158,94,64,59.49,14.2,8352,1
DOODUSDT,148,88,60,59.46,13.2,8352,0
ALLUSDT,187,111,76,59.36,16.3,8352,1
ELSAUSDT,187,111,76,59.36,16.3,8352,0
QNTUSDT,204,121,83,59.31,17.6,8352,3
XVGUSDT,216,128,88,59.26,18.4,8352,1
ENSOUSDT,206,122,84,59.22,17.4,8352,0
OPGUSDT,103,61,42,59.22,8.7,8352,0
BUSDT,147,87,60,59.18,12.3,8352,0
JCTUSDT,98,58,40,59.18,8.2,8352,0
GPSUSDT,191,113,78,59.16,15.9,8352,0
STEEMUSDT,159,94,65,59.12,13.1,8352,2
BRETTUSDT,225,133,92,59.11,18.5,8352,0
CHIPUSDT,246,145,101,58.94,19.4,8352,0
SONICUSDT,112,66,46,58.93,8.8,8352,1
ORCAUSDT,146,86,60,58.9,11.4,8352,0
CLANKERUSDT,90,53,37,58.89,7.0,8352,0
EGLDUSDT,192,113,79,58.85,14.8,8352,1
ETCUSDT,164,96,68,58.54,11.6,8352,0
EIGENUSDT,200,117,83,58.5,14.0,8352,0
AIGENSYNUSDT,147,86,61,58.5,10.3,8352,0
PARTIUSDT,137,80,57,58.39,9.3,8352,0
BELUSDT,233,136,97,58.37,15.7,8352,0
XTZUSDT,180,105,75,58.33,12.0,8352,0
ICPUSDT,168,98,70,58.33,11.2,8352,0
ZRXUSDT,72,42,30,58.33,4.8,8352,0
FARTCOINUSDT,139,81,58,58.27,9.1,8352,0
FHEUSDT,146,85,61,58.22,9.4,8352,0
ONDOUSDT,217,126,91,58.06,13.3,8352,1
LTCUSDT,150,87,63,58.0,9.0,8352,0
ARUSDT,169,98,71,57.99,10.1,8352,1
NXPCUSDT,138,80,58,57.97,8.2,8352,0
DASHUSDT,226,131,95,57.96,13.4,8352,0
TAKEUSDT,209,121,88,57.89,12.1,8352,8
UAIUSDT,190,110,80,57.89,11.0,8352,10
TRUTHUSDT,171,99,72,57.89,9.9,8352,0
SPORTFUNUSDT,114,66,48,57.89,6.6,8352,0
ICNTUSDT,76,44,32,57.89,4.4,8352,0
JUPUSDT,204,118,86,57.84,11.6,8352,0
0GUSDT,185,107,78,57.84,10.5,8352,0
DEEPUSDT,147,85,62,57.82,8.3,8352,0
KAIAUSDT,135,78,57,57.78,7.5,8352,0
XLMUSDT,213,123,90,57.75,11.7,8352,2
ARPAUSDT,187,108,79,57.75,10.3,8352,2
MITOUSDT,123,71,52,57.72,6.7,8352,0
WALUSDT,175,101,74,57.71,9.5,8352,2
POWRUSDT,189,109,80,57.67,10.1,8352,3
MUBARAKUSDT,163,94,69,57.67,8.7,8352,0
YGGUSDT,163,94,69,57.67,8.7,8352,0
BABYUSDT,111,64,47,57.66,5.9,8352,0
TIAUSDT,170,98,72,57.65,9.0,8352,0
GUSDT,184,106,78,57.61,9.6,8352,2
JASMYUSDT,184,106,78,57.61,9.6,8352,0
SLPUSDT,198,114,84,57.58,10.2,8352,0
VIRTUALUSDT,205,118,87,57.56,10.5,8352,0
RSRUSDT,87,50,37,57.47,4.3,8352,0
DOLOUSDT,122,70,52,57.38,5.8,8352,0
BTCUSDT,204,117,87,57.35,9.6,8352,0
ESPORTSUSDT,75,43,32,57.33,3.5,8352,0
CYBERUSDT,164,94,70,57.32,7.6,8352,0
GMTUSDT,241,138,103,57.26,10.9,8352,0
BERAUSDT,152,87,65,57.24,6.8,8352,0
API3USDT,159,91,68,57.23,7.1,8352,1
CFGUSDT,159,91,68,57.23,7.1,8352,0
2ZUSDT,215,123,92,57.21,9.5,8352,1
PIXELUSDT,196,112,84,57.14,8.4,8352,0
DYMUSDT,142,81,61,57.04,5.8,8352,0
GUNUSDT,151,86,65,56.95,5.9,8352,0
TAGUSDT,130,74,56,56.92,5.0,8352,0
GMXUSDT,199,113,86,56.78,7.1,8352,0
BROCCOLIF3BUSDT,215,122,93,56.74,7.5,8352,0
PNUTUSDT,215,122,93,56.74,7.5,8352,0
MANTRAUSDT,178,101,77,56.74,6.2,8352,1
NMRUSDT,208,118,90,56.73,7.2,8352,0
GENIUSUSDT,171,97,74,56.73,5.9,8352,1
COAIUSDT,164,93,71,56.71,5.6,8352,0
RUNEUSDT,164,93,71,56.71,5.6,8352,0
QTUMUSDT,187,106,81,56.68,6.3,8352,0
AXLUSDT,180,102,78,56.67,6.0,8352,0
OPENUSDT,113,64,49,56.64,3.7,8352,0
DUSKUSDT,212,120,92,56.6,6.8,8352,0
PUNDIXUSDT,198,112,86,56.57,6.2,8352,1
SOLUSDT,179,101,78,56.42,5.1,8352,1
USUALUSDT,236,133,103,56.36,6.4,8352,3
GRASSUSDT,165,93,72,56.36,4.5,8352,1
OGUSDT,110,62,48,56.36,3.0,8352,0
MEMEUSDT,238,134,104,56.3,6.2,8352,0
BOMEUSDT,240,135,105,56.25,6.0,8352,0
BARDUSDT,96,54,42,56.25,2.4,8352,2
MOVEUSDT,217,122,95,56.22,5.3,8352,0
NEWTUSDT,185,104,81,56.22,4.5,8352,0
LPTUSDT,121,68,53,56.2,2.9,8352,0
PLUMEUSDT,130,73,57,56.15,3.0,8352,0
XPLUSDT,155,87,68,56.13,3.5,8352,1
MAVUSDT,237,133,104,56.12,5.3,8352,0
PLAYUSDT,98,55,43,56.12,2.2,8352,2
SFPUSDT,148,83,65,56.08,3.2,8352,0
POPCATUSDT,150,84,66,56.0,3.0,8352,0
BTWUSDT,161,90,71,55.9,2.9,8352,12
ACTUSDT,204,114,90,55.88,3.6,8352,0
METISUSDT,172,96,76,55.81,2.8,8352,0
KAITOUSDT,190,106,84,55.79,3.0,8352,0
ROBOUSDT,95,53,42,55.79,1.5,8352,1
MELANIAUSDT,174,97,77,55.75,2.6,8352,0
ACUUSDT,280,156,124,55.71,4.0,8352,0
1000BONKUSDT,239,133,106,55.65,3.1,8352,0
RPLUSDT,115,64,51,55.65,1.5,8352,0
CVCUSDT,142,79,63,55.63,1.8,8352,0
AWEUSDT,178,99,79,55.62,2.2,8352,0
SOLVUSDT,205,114,91,55.61,2.5,8352,1
TRIAUSDT,126,70,56,55.56,1.4,8352,0
CHZUSDT,117,65,52,55.56,1.3,8352,0
SPELLUSDT,27,15,12,55.56,0.3,8352,0
ETHUSDT,218,121,97,55.5,2.2,8352,0
SANDUSDT,191,106,85,55.5,1.9,8352,0
DOSUSDT,137,76,61,55.47,1.3,8352,0
ACEUSDT,220,122,98,55.45,2.0,8352,0
AGLDUSDT,110,61,49,55.45,1.0,8352,0
COWUSDT,110,61,49,55.45,1.0,8352,0
KGENUSDT,110,61,49,55.45,1.0,8352,0
ACHUSDT,224,124,100,55.36,1.6,8352,0
TURTLEUSDT,197,109,88,55.33,1.3,8352,0
ONTUSDT,248,137,111,55.24,1.2,8352,0
BCHUSDT,192,106,86,55.21,0.8,8352,2
SQDUSDT,203,112,91,55.17,0.7,8352,1
BLURUSDT,145,80,65,55.17,0.5,8352,0
GASUSDT,87,48,39,55.17,0.3,8352,0
OGNUSDT,118,65,53,55.08,0.2,8352,0
REZUSDT,198,109,89,55.05,0.2,8352,2
GRVTUSDT,120,66,54,55.0,-0.0,8352,0
APEUSDT,100,55,45,55.0,-0.0,8352,0
AVNTUSDT,231,127,104,54.98,-0.1,8352,0
MASKUSDT,191,105,86,54.97,-0.1,8352,0
FFUSDT,233,128,105,54.94,-0.3,8352,2
BLESSUSDT,215,118,97,54.88,-0.5,8352,0
MORPHOUSDT,228,125,103,54.82,-0.8,8352,0
TREEUSDT,166,91,75,54.82,-0.6,8352,0
WLFIUSDT,157,86,71,54.78,-0.7,8352,0
RESOLVUSDT,126,69,57,54.76,-0.6,8352,0
ZENUSDT,201,110,91,54.73,-1.1,8352,0
GLMUSDT,212,116,96,54.72,-1.2,8352,0
AZTECUSDT,117,64,53,54.7,-0.7,8352,0
APTUSDT,203,111,92,54.68,-1.3,8352,0
LISTAUSDT,229,125,104,54.59,-1.9,8352,0
MINAUSDT,229,125,104,54.59,-1.9,8352,0
MTLUSDT,132,72,60,54.55,-1.2,8352,3
EDENUSDT,255,139,116,54.51,-2.5,8352,0
POWERUSDT,211,115,96,54.5,-2.1,8352,2
MEWUSDT,178,97,81,54.49,-1.8,8352,0
BIGTIMEUSDT,235,128,107,54.47,-2.5,8352,0
AIAUSDT,191,104,87,54.45,-2.1,8352,0
1000SHIBUSDT,180,98,82,54.44,-2.0,8352,1
ROSEUSDT,226,123,103,54.42,-2.6,8352,0
DYDXUSDT,103,56,47,54.37,-1.3,8352,0
CFXUSDT,198,107,91,54.04,-3.8,8352,1
PYTHUSDT,215,116,99,53.95,-4.5,8352,0
PUMPUSDT,219,118,101,53.88,-4.9,8352,1
EPICUSDT,208,112,96,53.85,-4.8,8352,0
RIFUSDT,236,127,109,53.81,-5.6,8352,0
IOUSDT,119,64,55,53.78,-2.9,8352,0
WCTUSDT,227,122,105,53.74,-5.7,8352,1
RECALLUSDT,175,94,81,53.71,-4.5,8352,0
FORMUSDT,149,80,69,53.69,-3.9,8352,4
PHAUSDT,179,96,83,53.63,-4.9,8352,0
AAVEUSDT,222,119,103,53.6,-6.2,8352,1
MANTAUSDT,209,112,97,53.59,-5.9,8352,0
PTBUSDT,181,97,84,53.59,-5.1,8352,3
MOODENGUSDT,168,90,78,53.57,-4.8,8352,0
SEIUSDT,198,106,92,53.54,-5.8,8352,0
FUSDT,185,99,86,53.51,-5.5,8352,3
CGPTUSDT,114,61,53,53.51,-3.4,8352,0
QUSDT,286,153,133,53.5,-8.6,8352,7
CUSDT,202,108,94,53.47,-6.2,8352,2
1000RATSUSDT,161,86,75,53.42,-5.1,8352,1
RAYSOLUSDT,270,144,126,53.33,-9.0,8352,3
SIGNUSDT,227,121,106,53.3,-7.7,8352,2
PENDLEUSDT,212,113,99,53.3,-7.2,8352,0
GRTUSDT,197,105,92,53.3,-6.7,8352,0
PHAROSUSDT,182,97,85,53.3,-6.2,8352,0
UNIUSDT,214,114,100,53.27,-7.4,8352,0
1000CHEEMSUSDT,438,233,205,53.2,-15.8,8352,0
SYRUPUSDT,252,134,118,53.17,-9.2,8352,0
INITUSDT,205,109,96,53.17,-7.5,8352,0
NOTUSDT,222,118,104,53.15,-8.2,8352,1
XANUSDT,194,103,91,53.09,-7.4,8352,1
KASUSDT,179,95,84,53.07,-6.9,8352,0
LYNUSDT,132,70,62,53.03,-5.2,8352,5
ASTERUSDT,183,97,86,53.01,-7.3,8352,0
SCRUSDT,202,107,95,52.97,-8.2,8352,1
STARUSDT,185,98,87,52.97,-7.5,8352,1
IOTXUSDT,172,91,81,52.91,-7.2,8352,1
KERNELUSDT,172,91,81,52.91,-7.2,8352,0
AVAUSDT,140,74,66,52.86,-6.0,8352,2
SKLUSDT,193,102,91,52.85,-8.3,8352,2
1000PEPEUSDT,212,112,100,52.83,-9.2,8352,0
1000LUNCUSDT,159,84,75,52.83,-6.9,8352,0
NOMUSDT,142,75,67,52.82,-6.2,8352,0
BREVUSDT,197,104,93,52.79,-8.7,8352,0
HUMAUSDT,180,95,85,52.78,-8.0,8352,0
COTIUSDT,245,129,116,52.65,-11.5,8352,2
BANKUSDT,133,70,63,52.63,-6.3,8352,0
TURBOUSDT,194,102,92,52.58,-9.4,8352,1
LINKUSDT,215,113,102,52.56,-10.5,8352,2
BIOUSDT,156,82,74,52.56,-7.6,8352,0
WUSDT,257,135,122,52.53,-12.7,8352,0
SWARMSUSDT,217,114,103,52.53,-10.7,8352,0
CCUSDT,198,104,94,52.53,-9.8,8352,0
FOGOUSDT,198,104,94,52.53,-9.8,8352,0
XAIUSDT,181,95,86,52.49,-9.1,8352,0
SUIUSDT,202,106,96,52.48,-10.2,8352,0
CTKUSDT,101,53,48,52.48,-5.1,8352,0
GTCUSDT,185,97,88,52.43,-9.5,8352,0
BICOUSDT,189,99,90,52.38,-9.9,8352,0
CELRUSDT,147,77,70,52.38,-7.7,8352,1
ARIAUSDT,172,90,82,52.33,-9.2,8352,0
VVVUSDT,218,114,104,52.29,-11.8,8352,0
SXTUSDT,182,95,87,52.2,-10.2,8352,0
MERLUSDT,184,96,88,52.17,-10.4,8352,0
ARKMUSDT,117,61,56,52.14,-6.7,8352,0
MEUSDT,236,123,113,52.12,-13.6,8352,0
JELLYJELLYUSDT,165,86,79,52.12,-9.5,8352,3
SENTUSDT,165,86,79,52.12,-9.5,8352,0
HAEDALUSDT,167,87,80,52.1,-9.7,8352,0
OUSDT,171,89,82,52.05,-10.1,8352,0
TLMUSDT,98,51,47,52.04,-5.8,8352,0
BASEDUSDT,173,90,83,52.02,-10.3,8352,0
FOLKSUSDT,79,41,38,51.9,-4.9,8352,0
SNXUSDT,135,70,65,51.85,-8.5,8352,0
TRBUSDT,218,113,105,51.83,-13.8,8352,1
IMXUSDT,112,58,54,51.79,-7.2,8352,0
ZKUSDT,253,131,122,51.78,-16.3,8352,0
STRKUSDT,199,103,96,51.76,-12.9,8352,0
APRUSDT,143,74,69,51.75,-9.3,8352,0
DOGSUSDT,207,107,100,51.69,-13.7,8352,0
ALGOUSDT,209,108,101,51.67,-13.9,8352,2
CHRUSDT,120,62,58,51.67,-8.0,8352,0
AVAXUSDT,211,109,102,51.66,-14.1,8352,1
DOTUSDT,213,110,103,51.64,-14.3,8352,0
VANAUSDT,219,113,106,51.6,-14.9,8352,0
ARXUSDT,157,81,76,51.59,-10.7,8352,3
ALTUSDT,221,114,107,51.58,-15.1,8352,0
BLUAIUSDT,190,98,92,51.58,-13.0,8352,2
ESPUSDT,229,118,111,51.53,-15.9,8352,0
VELVETUSDT,163,84,79,51.53,-11.3,8352,0
COMPUSDT,167,86,81,51.5,-11.7,8352,0
KSMUSDT,167,86,81,51.5,-11.7,8352,0
ALICEUSDT,134,69,65,51.49,-9.4,8352,0
BMTUSDT,134,69,65,51.49,-9.4,8352,0
OPNUSDT,237,122,115,51.48,-16.7,8352,2
1MBABYDOGEUSDT,136,70,66,51.47,-9.6,8352,0
SYNUSDT,171,88,83,51.46,-12.1,8352,4
STBLUSDT,138,71,67,51.45,-9.8,8352,0
RIVERUSDT,107,55,52,51.4,-7.7,8352,1
YBUSDT,216,111,105,51.39,-15.6,8352,1
AEVOUSDT,148,76,72,51.35,-10.8,8352,0
CROSSUSDT,298,153,145,51.34,-21.8,8352,2
HEIUSDT,261,134,127,51.34,-19.1,8352,0
ARCUSDT,187,96,91,51.34,-13.7,8352,0
MAGMAUSDT,308,158,150,51.3,-22.8,8352,8
FILUSDT,195,100,95,51.28,-14.5,8352,0
REDUSDT,121,62,59,51.24,-9.1,8352,0
CTRUSDT,203,104,99,51.23,-15.3,8352,2
MOCAUSDT,203,104,99,51.23,-15.3,8352,0
XRPUSDT,211,108,103,51.18,-16.1,8352,0
AXSUSDT,225,115,110,51.11,-17.5,8352,0
HEMIUSDT,225,115,110,51.11,-17.5,8352,6
4USDT,237,121,116,51.05,-18.7,8352,4
FIGHTUSDT,153,78,75,50.98,-12.3,8352,2
KITEUSDT,269,137,132,50.93,-21.9,8352,0
AIXBTUSDT,165,84,81,50.91,-13.5,8352,0
GIGGLEUSDT,165,84,81,50.91,-13.5,8352,0
EDGEUSDT,224,114,110,50.89,-18.4,8352,0
USTCUSDT,169,86,83,50.89,-13.9,8352,0
BRUSDT,244,124,120,50.82,-20.4,8352,10
BSBUSDT,244,124,120,50.82,-20.4,8352,0
XNYUSDT,197,100,97,50.76,-16.7,8352,2
ZROUSDT,272,138,134,50.74,-23.2,8352,0
GALAUSDT,144,73,71,50.69,-12.4,8352,0
HBARUSDT,231,117,114,50.65,-20.1,8352,0
SOPHUSDT,154,78,76,50.65,-13.4,8352,1
CHILLGUYUSDT,239,121,118,50.63,-20.9,8352,0
ANIMEUSDT,180,91,89,50.56,-16.0,8352,0
SAPIENUSDT,190,96,94,50.53,-17.0,8352,1
SKYAIUSDT,190,96,94,50.53,-17.0,8352,1
JTOUSDT,196,99,97,50.51,-17.6,8352,0
DIAUSDT,99,50,49,50.51,-8.9,8352,0
IOTAUSDT,202,102,100,50.5,-18.2,8352,0
FLOWUSDT,200,101,99,50.5,-18.0,8352,0
VETUSDT,228,115,113,50.44,-20.8,8352,0
1INCHUSDT,226,114,112,50.44,-20.6,8352,0
NEOUSDT,113,57,56,50.44,-10.3,8352,0
HYPEUSDT,252,127,125,50.4,-23.2,8352,0
CAKEUSDT,266,134,132,50.38,-24.6,8352,0
B2USDT,135,68,67,50.37,-12.5,8352,5
BANDUSDT,139,70,69,50.36,-12.9,8352,0
CETUSUSDT,139,70,69,50.36,-12.9,8352,1
SPKUSDT,143,72,71,50.35,-13.3,8352,0
TSTUSDT,141,71,70,50.35,-13.1,8352,0
MMTUSDT,161,81,80,50.31,-15.1,8352,0
EVAAUSDT,169,85,84,50.3,-15.9,8352,1
TAUSDT,187,94,93,50.27,-17.7,8352,0
NEARUSDT,191,96,95,50.26,-18.1,8352,1
CKBUSDT,219,110,109,50.23,-20.9,8352,0
USELESSUSDT,215,108,107,50.23,-20.5,8352,3
AKTUSDT,225,113,112,50.22,-21.5,8352,0
AKEUSDT,243,122,121,50.21,-23.3,8352,17
ONGUSDT,224,112,112,50.0,-22.4,8352,0
SLXUSDT,200,100,100,50.0,-20.0,8352,1
SUPERUSDT,194,97,97,50.0,-19.4,8352,0
IOSTUSDT,184,92,92,50.0,-18.4,8352,3
TRADOORUSDT,180,90,90,50.0,-18.0,8352,3
KMNOUSDT,170,85,85,50.0,-17.0,8352,0
BNTUSDT,124,62,62,50.0,-12.4,8352,0
BEATUSDT,108,54,54,50.0,-10.8,8352,0
GRAMUSDT,60,30,30,50.0,-6.0,8352,0
OPUSDT,231,115,116,49.78,-24.1,8352,0
KOMAUSDT,201,100,101,49.75,-21.1,8352,5
ORDIUSDT,195,97,98,49.74,-20.5,8352,0
SUSDT,195,97,98,49.74,-20.5,8352,2
IDUSDT,191,95,96,49.74,-20.1,8352,0
MANAUSDT,181,90,91,49.72,-19.1,8352,0
CTSIUSDT,155,77,78,49.68,-16.5,8352,0
NEIROUSDT,252,125,127,49.6,-27.2,8352,0
BROCCOLI714USDT,125,62,63,49.6,-13.5,8352,0
1000XECUSDT,212,105,107,49.53,-23.2,8352,0
DRIFTUSDT,105,52,53,49.52,-11.5,8352,2
AINUSDT,186,92,94,49.46,-20.6,8352,13
ENJUSDT,184,91,93,49.46,-20.4,8352,1
BANANAUSDT,178,88,90,49.44,-19.8,8352,0
BULLAUSDT,249,123,126,49.4,-27.9,8352,10
LITUSDT,239,118,121,49.37,-26.9,8352,1
1000SATSUSDT,77,38,39,49.35,-8.7,8352,0
RENDERUSDT,152,75,77,49.34,-17.2,8352,0
XVSUSDT,132,65,67,49.24,-15.2,8352,0
JOEUSDT,191,94,97,49.21,-22.1,8352,0
FETUSDT,183,90,93,49.18,-21.3,8352,0
ZKCUSDT,171,84,87,49.12,-20.1,8352,0
ZKPUSDT,171,84,87,49.12,-20.1,8352,0
ETHFIUSDT,204,100,104,49.02,-24.4,8352,0
DEXEUSDT,100,49,51,49.0,-12.0,8352,0
SKRUSDT,288,141,147,48.96,-34.8,8352,1
COOKIEUSDT,237,116,121,48.95,-28.7,8352,0
TOWNSUSDT,141,69,72,48.94,-17.1,8352,0
SAGAUSDT,178,87,91,48.88,-21.8,8352,8
NILUSDT,213,104,109,48.83,-26.3,8352,1
ALCHUSDT,168,82,86,48.81,-20.8,8352,0
SAHARAUSDT,205,100,105,48.78,-25.5,8352,0
GOATUSDT,123,60,63,48.78,-15.3,8352,0
1000FLOKIUSDT,119,58,61,48.74,-14.9,8352,0
WIFUSDT,158,77,81,48.73,-19.8,8352,0
MEGAUSDT,222,108,114,48.65,-28.2,8352,0
ARBUSDT,220,107,113,48.64,-28.0,8352,0
SPXUSDT,239,116,123,48.54,-30.9,8352,0
RVNUSDT,134,65,69,48.51,-17.4,8352,0
ZETAUSDT,198,96,102,48.48,-25.8,8352,3
USUSDT,254,123,131,48.43,-33.4,8352,13
CLOUSDT,190,92,98,48.42,-25.0,8352,0
LINEAUSDT,126,61,65,48.41,-16.6,8352,0
RLCUSDT,186,90,96,48.39,-24.6,8352,1
ENAUSDT,209,101,108,48.33,-27.9,8352,0
PEOPLEUSDT,238,115,123,48.32,-31.8,8352,3
PIPPINUSDT,118,57,61,48.31,-15.8,8352,0
SAFEUSDT,164,79,85,48.17,-22.4,8352,0
TAIKOUSDT,183,88,95,48.09,-25.3,8352,3
ZAMAUSDT,231,111,120,48.05,-32.1,8352,0
ATUSDT,127,61,66,48.03,-17.7,8352,2
SKYUSDT,225,108,117,48.0,-31.5,8352,3
THETAUSDT,150,72,78,48.0,-21.0,8352,0
PORTALUSDT,125,60,65,48.0,-17.5,8352,0
SPACEUSDT,198,95,103,47.98,-27.8,8352,0
MOVRUSDT,190,91,99,47.89,-27.0,8352,1
BIRBUSDT,220,105,115,47.73,-32.0,8352,1
BTCDOMUSDT,218,104,114,47.71,-31.8,8352,0
PIEVERSEUSDT,231,110,121,47.62,-34.1,8352,0
SOONUSDT,185,88,97,47.57,-27.5,8352,1
KATUSDT,162,77,85,47.53,-24.2,8352,0
TUTUSDT,175,83,92,47.43,-26.5,8352,0
STXUSDT,194,92,102,47.42,-29.4,8352,0
LAUSDT,228,108,120,47.37,-34.8,8352,0
TRUSTUSDT,171,81,90,47.37,-26.1,8352,0
NAORISUSDT,152,72,80,47.37,-23.2,8352,1
MAVIAUSDT,169,80,89,47.34,-25.9,8352,0
BANANAS31USDT,222,105,117,47.3,-34.2,8352,0
MONUSDT,178,84,94,47.19,-27.8,8352,0
ZILUSDT,174,82,92,47.13,-27.4,8352,0
MARSCOINUSDT,242,114,128,47.11,-38.2,8352,7
SANTOSUSDT,187,88,99,47.06,-29.7,8352,1
LSKUSDT,249,117,132,46.99,-39.9,8352,15
METUSDT,215,101,114,46.98,-34.5,8352,0
TOSHIUSDT,96,45,51,46.88,-15.6,8352,0
FLOCKUSDT,205,96,109,46.83,-33.5,8352,3
TACUSDT,182,85,97,46.7,-30.2,8352,0
ILVUSDT,180,84,96,46.67,-30.0,8352,0
GRIFFAINUSDT,249,116,133,46.59,-41.9,8352,4
STOUSDT,146,68,78,46.58,-24.6,8352,0
MYXUSDT,151,70,81,46.36,-26.1,8352,1
SIRENUSDT,110,51,59,46.36,-19.0,8352,0
POLUSDT,173,80,93,46.24,-30.3,8352,0
ALLOUSDT,251,116,135,46.22,-44.1,8352,0
YFIUSDT,128,59,69,46.09,-22.8,8352,1
TNSRUSDT,163,75,88,46.01,-29.3,8352,1
INJUSDT,224,103,121,45.98,-40.4,8352,1
KNCUSDT,74,34,40,45.95,-13.4,8352,0
CAPUSDT,170,78,92,45.88,-31.0,8352,4
CELOUSDT,210,96,114,45.71,-39.0,8352,0
RONINUSDT,193,88,105,45.6,-36.3,8352,0
FRAXUSDT,147,67,80,45.58,-27.7,8352,0
AEROUSDT,259,118,141,45.56,-48.9,8352,0
CYSUSDT,123,56,67,45.53,-23.3,8352,0
ZBTUSDT,198,90,108,45.45,-37.8,8352,0
GUAUSDT,185,84,101,45.41,-35.5,8352,1
HANAUSDT,119,54,65,45.38,-22.9,8352,0
CRVUSDT,231,104,127,45.02,-46.1,8352,0
BSVUSDT,105,47,58,44.76,-21.5,8352,0
PONSUSDT,246,110,136,44.72,-50.6,8271,4
INXUSDT,199,89,110,44.72,-40.9,8352,0
DATAIPUSDT,161,72,89,44.72,-33.1,8352,0
CVXUSDT,148,66,82,44.59,-30.8,8352,0
GWEIUSDT,155,69,86,44.52,-32.5,8352,0
HOLOUSDT,200,89,111,44.5,-42.0,8352,0
RAVEUSDT,171,76,95,44.44,-36.1,8352,0
1000CATUSDT,160,71,89,44.38,-34.0,8352,0
SUNUSDT,160,71,89,44.38,-34.0,8352,0
IRYSUSDT,122,54,68,44.26,-26.2,8352,0
LABUSDT,260,115,145,44.23,-56.0,8352,4
AVAAIUSDT,195,86,109,44.1,-42.5,8352,1
TRXUSDT,220,97,123,44.09,-48.0,8352,0
EDUUSDT,196,86,110,43.88,-43.6,8352,0
PENGUUSDT,215,94,121,43.72,-48.5,8352,1
NIGHTUSDT,163,70,93,42.94,-39.3,8352,0
HOMEUSDT,205,88,117,42.93,-49.5,8352,0
UBUSDT,247,106,141,42.91,-59.7,8352,2
COLLECTUSDT,166,71,95,42.77,-40.6,8352,4
PRLUSDT,75,32,43,42.67,-18.5,8352,0
MUSDT,235,100,135,42.55,-58.5,8352,2
AIOUSDT,174,74,100,42.53,-43.4,8352,2
TWTUSDT,213,90,123,42.25,-54.3,8352,1
BASUSDT,259,109,150,42.08,-66.9,8352,0
RAREUSDT,79,33,46,41.77,-20.9,8352,2
BILLUSDT,101,42,59,41.58,-27.1,8352,0
LDOUSDT,188,77,111,40.96,-52.8,8352,0
HMSTRUSDT,83,34,49,40.96,-23.3,8352,0
ONEUSDT,243,99,144,40.74,-69.3,8352,15
STABLEUSDT,149,60,89,40.27,-43.9,8352,0
SSVUSDT,203,81,122,39.9,-61.3,8352,0
XMRUSDT,163,65,98,39.88,-49.3,8352,0
XAUTUSDT,233,92,141,39.48,-72.3,8352,0
ZEREBROUSDT,236,93,143,39.41,-73.6,8352,0
LIGHTUSDT,161,63,98,39.13,-51.1,8352,1
BANUSDT,198,77,121,38.89,-63.8,8352,0
CTUSDT,34,13,21,38.24,-11.4,1059,2
PAXGUSDT,221,84,137,38.01,-75.1,8352,0
XPINUSDT,65,24,41,36.92,-23.5,8352,0
IDOLUSDT,86,31,55,36.05,-32.6,8352,0
JSTUSDT,260,86,174,33.08,-114.0,8352,0
ONUSDT,145,43,102,29.66,-73.5,8352,1
USDCUSDT,19,0,19,0.0,-20.9,8352,0
哈基米USDT,0,0,0,0.0,0.0,0,0
币安人生USDT,0,0,0,0.0,0.0,0,0
我踏马来了USDT,0,0,0,0.0,0.0,0,0
牛来USDT,0,0,0,0.0,0.0,0,0
龙虾USDT,0,0,0,0.0,0.0,0,0
