id,sym,side,strategy,entry_price,exit_price,size,risk_usd,pnl,pnl_pct,fee,status,exit_stage,opened_at,closed_at
1293,PONS,SHORT,V99_LIST,0.53144052,,940.8390613497066426,100.00,,,0.2500,ARCHIVED,0,2026-10-01 13:29:47.038825+00,
1294,ARK,LONG,V99_FUND,0.23256975,0.23352992,5374.46292993822283421510982404,,7.44357857865306382702125830074884916160,0.00595516062095349873656479457690009871,0.624968749999999999998849769000,TP,0,2026-10-01 15:00:50.916862+00,2026-10-01 16:15:47.280639+00
1295,TRX,LONG,V99_FUND,0.33306989099999995,0.333989773,3752.30932480924908223891683448566088,,3.3847798728262850950967727625577034229247941630440,0.0027082978334550212457065177109466541423316555467,0.624890628906249999998849912778875000,TP,0,2026-10-01 15:00:50.916862+00,2026-10-01 16:15:47.280639+00
1296,ARK,LONG,V99_FUND,0.23557065,0.24112764,5317.4900591940031579,,35.0186051100530875666102338220,0.0279557389226225759428168824,0.62632229480643490,TP,0,2026-10-01 17:00:49.829029+00,2026-10-01 18:15:47.325008+00
1297,ARK,LONG,V99_FUND,0.23537059,0.23472956,5359.2049919677008075,,-0.9739397226919903210097848500,-0.0007721105983895441145820246,0.6306996204451915,SL,0,2026-10-01 19:00:49.90337+00,2026-10-01 20:15:49.453795+00
1298,VVV,SHORT,V99_FAST,26.260863000000004,26.5082475,9.6054845264245246,2.2432058395060592798581871323285,-2.62963492066197731933578134192845581605179,-0.01042478693844714677530528085920473149172,0.12612415659852718000,SL,0,2026-10-01 19:20:52.588348+00,2026-10-01 19:21:49.107919+00
1299,NEAR,SHORT,V99_FAST,4.788604500000001,4.831414499999999,52.6493326920235754,2.0954130044383721763121836667964,-2.50648000312286152712764050604080689549921,-0.00994174006034101467567882543246057210089,0.12605841572551063000,SL,0,2026-10-01 19:30:51.910507+00,2026-10-01 19:43:50.657855+00
1300,XMR,SHORT,V99_FAST,542.4386450000001,544.57215,0.46478405212265290118,0.86211689977573317905171001832,-1.2436030173059230540645790108550026928971984,-0.0049326457505774176278872733025585690559200,0.12605841572551063000,SL,0,2026-10-01 19:30:51.910507+00,2026-10-01 19:42:50.117898+00
1301,AERO,SHORT,V99_FAST,0.7742127,0.7785890999999999,325.6265695582734822,1.29220436388420434119832968400544,-1.677314096028352888924417704066929890,-0.006653256572647817334052048353263278,0.12605211280472436000,SL,0,2026-10-01 19:40:54.192135+00,2026-10-01 19:51:50.817308+00
1302,ARK,LONG,V99_FUND,0.23417023,0.23153052000000002,5377.0348944459344811,,-10.5165072795263494833244476117697228110,-0.0083521250762083632421847872280480980,0.62957074897521510,SL,0,2026-10-01 21:00:55.870598+00,2026-10-01 22:15:49.081541+00
1303,ARK,LONG,V99_FUND,0.23226966,0.22683193,5409.7137401869391810,,-24.0952005878354421303085546650,-0.0191762541630654642223409626,0.62825618556527435,SL,0,2026-10-01 23:00:49.106606+00,2026-10-02 00:15:49.321367+00
1304,ASTER,LONG,V99_FAST,0.7439718,0.7473196730999999,168.0827917111360941,0.37514657129507700000000000,0.436896183437584587006298142720926705,0.003493803890538060097844658059708434,0.06252442854917950000,TP,0,2026-10-02 00:15:52.663435+00,2026-10-02 00:34:49.14296+00
1305,LTC,LONG,V99_FAST,68.89443,68.64566,1.8150566596986906,0.375141881962935780000000,-0.5766127649131380061071095793821,-0.0046111574791063264027129623116,0.06252364699382263000,SL,0,2026-10-02 00:20:54.722396+00,2026-10-02 00:30:52.59504+00
1306,USELESS,LONG,V99_FAST,0.23901945,0.2409237283443477,523.1678593003425453,0.66417148328292451037423578402511,0.870088812886480092873418824438570395,0.006958077901089529664802107445821470,0.06252364699382263000,TP,0,2026-10-02 00:20:54.722396+00,2026-10-02 00:44:49.547192+00
1307,MARSCOIN,LONG,V99_FAST,0.12970482,0.12889551999999999,964.0913420769194237,0.713914907139260264142451920497635,-0.9062224888900929359317559107673902815,-0.0072470379805230188020805592396639685,0.06252364699382263000,SL,0,2026-10-02 00:20:54.722396+00,2026-10-02 01:11:49.111566+00
1308,JUP,LONG,V99_FAST,0.32976479999999997,0.32833575000000004,379.20146112515729810,0.459982355420855772227389700540728,-0.66787045857821287243736939295170909321081742,-0.00534094291272067697423752140441087034116255,0.06252364699382263000,SL,0,2026-10-02 00:20:54.722396+00,2026-10-02 01:06:49.875676+00
1309,HYPE,LONG,V99_FAST,88.1870715,87.878039,2.8363339000727467,0.75038394133076751000000000,-1.126628728829615890082677715617842,-0.004504209112597469165070694423180,0.12506399022179458500,SL,0,2026-10-02 00:55:52.263418+00,2026-10-02 01:03:55.455269+00
1310,ARK,LONG,V99_FUND,0.22796836999999998,0.2219334,5485.886643925165433268506122064685395257123517458618953,,-26.27107636377850170020585034370276372391704493760911181208792592762094,-0.02100663277296355126392425120353263988292774520807796734085303497903,0.6253043181101951280424161172393993493747248689350000000,SL,0,2026-10-02 01:00:47.749341+00,2026-10-02 02:15:47.933629+00
1311,SEI,SHORT,V99_FAST,0.06990503,0.06955818071257025,3576.8582574278580526,0.827087158550784774230163665658966,0.9913120334251237516188653569975709250,0.0039646077101400019163156911578877317,0.12502019189562107000,TP,0,2026-10-02 01:05:51.399481+00,2026-10-02 01:07:48.151974+00
1312,ARK,LONG,V99_FUND,0.22326696000000001,0.22523241,5570.35417394396217110,,16.6335913203260389932739128848782890,0.0133745370589897842479569198329173,0.62183802126988985,TP,0,2026-10-02 03:00:49.749026+00,2026-10-02 04:15:49.920544+00
1313,ARK,LONG,V99_FUND,0.22796836999999998,0.22323301,5473.71743005339472960,,-21.8714411946925773255134269801054080,-0.0175275184648773009986282553055816,0.62391722018493065,SL,0,2026-10-02 05:00:48.132497+00,2026-10-02 06:15:49.81239+00
1314,SCR,LONG,V99_FUND,0.031159344999999998,0.029411174,39871.395886890051114450,,-66.884091939290226610105388602047771100,-0.053836036007550804271312889172726132,0.6211832900355940,SL,0,2026-10-02 07:00:51.556094+00,2026-10-02 08:15:48.641734+00
1315,ARK,LONG,V99_FUND,0.22186654,0.21413574000000002,5598.9122300671352158452869461362365195132297654283413896164314985260959133,,-39.0402145882717467579896838990418706943303397411507075566292639456717610829267201343426931330,-0.0314279986692314214776315960766814103545096904180661198299914333579387981612247188279433122,0.62110564212433962902587349502320658260302138614029886102649479186250000000,SL,0,2026-10-02 07:00:51.556094+00,2026-10-02 08:15:48.641734+00
1316,GTC,LONG,V99_FUND,0.14357305899999998,0.128671387,8651.0381299192653279418746664578897242684321860959801149488406592119533649889927,,-127.916722339641767197655543654551293851462816606968008084772508225082923918275294051948037670146,-0.102987885838003647146742102975454237304634593917130162265466827566204484166854498137837960975,0.62102800391907408657224526083632868178019600846703132366886648001351718750000000,SL,0,2026-10-02 07:00:51.556094+00,2026-10-02 08:15:48.641734+00
1317,QNT,LONG,V99_FUND,230.799219,232.200319,3.2068261189359649,,4.46320096833828402621359845,0.00603026913692693206420462,0.37006648185961090,TP,0,2026-10-02 07:00:51.556094+00,2026-10-02 08:15:48.641734+00
1318,ARK,LONG,V99_FUND,0.21716512999999998,,5456.77901003937374308340283163762172931561856153426947252079729083440227795156643425499930115658386,,,,0.592511061548235897449856787993738687034797241596784021571319570341155664373851120855288908677125000,ARCHIVED,0,2026-10-02 09:00:47.797733+00,
1319,MOVR,SHORT,V100_PRO,2.1733128,2.1663826499999996,1053.2107417668856503,24.99999999999997858505245091376,5.013601490087764775693456460137250060,0.021903438267148659870628570244679690,1.14447819308973360,TP,0,2026-10-02 10:01:10.553875+00,2026-10-02 10:16:11.104244+00
1320,SKY,LONG,V100_PRO,0.08897446499999999,0.089925015,82254.99265749935470306,24.994277609034650801414435701822,70.8297955636716082458387624705970306,0.0967806055366570736649673551791038,3.65929698263996625,TP,0,2026-10-02 10:02:11.852542+00,2026-10-02 10:05:00.300235+00
1321,AAVE,LONG,V100_PRO,185.91290999999998,185.23733500000003,44.2620793292530028,24.99427760903430763226874350,-38.1162950364887283162844962886550420,-0.0463200819405145182083202014418222,4.1144459853761365,SL,0,2026-10-02 10:02:11.852542+00,2026-10-02 10:02:44.60403+00
1322,LSK,SHORT,V100_PRO,0.28312836500000005,0.282731295,33888.20910973842308449,24.78539964893955916217095306499,3.8680059487827858296460551638792245,0.0040313929690530991072915126507424,4.7973566190091735,TP,0,2026-10-02 10:04:10.131158+00,2026-10-02 10:15:37.660419+00
1323,NIGHT,LONG,V100_PRO,0.04508253,0.044547715,76766.6761622111381,25.1338583285753995809050135596316,-44.49627790782027184790372075,-0.12857089486770152429372887,1.73041799054158425,SL,0,2026-10-02 10:05:10.270173+00,2026-10-02 10:06:20.405918+00
1324,TRUMP,LONG,V100_PRO,2.131065,2.124937,5177.6400833802540045,24.911376939034891997322606022,-42.74660170602746044135610825,-0.03874119747637918130132287,5.5169437821443705,SL,0,2026-10-02 10:08:05.646797+00,2026-10-02 10:09:20.717935+00
1325,ICP,SHORT,V100_PRO,3.2733625,3.2726355,4881.1642383261365034,24.6976439305078161490056021704,-12.427439269614105211464555350,-0.007777931713948577342071531,7.9889099870389190,SL,0,2026-10-02 10:11:08.573774+00,2026-10-02 10:18:10.941369+00
1326,BR,SHORT,V100_PRO,0.6565415649999999,0.662220945,5332.9603167728832725,24.7096239454130855376746589120,-33.80436223041301215174754854457725,-0.09654775254023865062493248946913,1.7506550562284820,SL,0,2026-10-02 10:21:07.924547+00,2026-10-02 10:24:15.03134+00
1327,ICP,SHORT,V100_PRO,3.2583699999999998,3.2656319999999996,4744.1949264533711484,24.700870670132274209375906297,-49.927912150189254156902418435096090320,-0.032298360836859535123297996812895608,7.729171211253935,SL,0,2026-10-02 10:24:12.106995+00,2026-10-02 10:26:15.735325+00
1328,SOON,SHORT,V100_PRO,0.38150915,0.38169074999999997,14206.9514306331565,24.290962573509920673121891381570,-8.0013543353845957884289970458076525,-0.0147624231293003060363229250149291,2.71004098219606975,SL,0,2026-10-02 13:09:10.164417+00,2026-10-02 13:21:07.665243+00
1329,NIGHT,LONG,V100_PRO,0.049934955,0.0481759,60581.491384133439,24.277412368598704279409582001305,-109.53802628515307911210505,-0.36209313245601202606045,1.5125670230497955,SL,0,2026-10-02 13:10:09.799092+00,2026-10-02 13:10:32.000031+00
1330,LIT,SHORT,V100_PRO,3.7585198,3.7730855999999995,2171.4173341783826708,23.729722237173601748253284768,-39.805559866050155798059727504068932300,-0.048773463159618048972254598824215171,4.0806575222863340,SL,0,2026-10-02 13:15:08.895741+00,2026-10-02 13:16:09.18893+00
1331,APT,LONG,V100_PRO,0.84352155,0.8405795,9727.3856603242015572,23.5306944378430595262742071939,-36.809405184110282782785458700,-0.044860745110779920204739922,4.1026297148222220,SL,0,2026-10-02 13:17:11.384866+00,2026-10-02 13:17:55.184019+00
1332,MON,LONG,V100_PRO,0.034827405,0.03530234,156858.394542980765,23.34664741192292674078677611898,68.997322007066253335529950,0.126300000674755985991906,2.7314854171990905,TP,0,2026-10-02 13:18:10.814496+00,2026-10-02 13:24:18.415905+00
1333,ZRO,LONG,V100_PRO,1.9001496,1.92273815,3236.4785707078653176,23.3329899848366251789746862471,66.9210108778148475442677867800,0.1088183063323014145834314183,3.0748967307695610,TP,0,2026-10-02 13:21:05.643488+00,2026-10-02 13:28:12.227288+00
1334,WLD,LONG,V100_PRO,0.5744871,0.5699149000000001,6392.2020320851448187,23.29115893441662064204368595340,-32.884050526060212189884497404775370935,-0.089547720044538859967472835230615125,1.83611880401335090,SL,0,2026-10-02 13:22:08.721583+00,2026-10-02 13:31:31.405712+00
1335,MON,LONG,V100_PRO,0.035467725,0.03526236,133628.909454123601,23.64062237751752273868948735336,-32.168493052119826270844180,-0.067872986637851737040909,2.3697567062843780,SL,0,2026-10-02 13:25:10.953734+00,2026-10-02 13:31:26.338918+00
1336,ZRO,LONG,V100_PRO,1.9266628499999998,1.93053425,2972.5061057263654585,23.978753132029156946659355985,5.77498917233963091443244346059170,0.01008376452579754834459394623177,2.863508542650580,TP,0,2026-10-02 13:29:11.042657+00,2026-10-02 13:34:10.922169+00
1337,BTC,LONG,V100_PRO,86822.73900999999,87074.26987999999,0.27251158531466733469,23.47216891883574421758374,44.85060135223115170610613380473667345,0.01895613608043900721388761718799598,11.8301011244883540,TP,0,2026-10-02 13:32:08.528254+00,2026-10-02 13:37:20.756331+00
1338,1000SHIB,LONG,V100_PRO,0.0059359665,0.0059480245,2952751.617738476118,23.6602022489756684643801428462,18.05904218147079975957955450,0.01030330022920446063766757,8.76371734285820,TP,0,2026-10-02 13:32:08.528254+00,2026-10-02 13:38:26.151824+00
1339,APT,LONG,V100_PRO,0.8483239499999999,0.84527715,7053.081392320377855523309762066686771856,18.0515591081857488210720417388907185698232438139288144,-27.4618815883326833336800777735987756444347240765228144,-0.0458975671970583927163163549795326085413900466326579,2.9916489332023609512909621111960931666915,SL,0,2026-10-02 13:35:09.866739+00,2026-10-02 13:36:12.349186+00
1340,BNB,LONG,V100_PRO,784.7922,783.46807,7.2758690941206904961061563258219575249812933702091273,5.27734848856489829325795073782908228755185611990794912270938614069,-15.3394247586132146516139821098085041575813274331516997090566555,-0.0268639282475029695758953771456953828032439670017107713517262,2.85502265664349187997912092824286542716831209142591774625,SL,0,2026-10-02 13:37:06.577862+00,2026-10-02 13:38:10.401232+00
1341,ARB,LONG,V100_PRO,0.20791390499999998,0.20719635000000003,39715.32738653900418208,23.73224463637318076941244783077,-36.74105158226335437481385395187595873120,-0.04449486567528757126608334861481819952,4.1286844026443840,SL,0,2026-10-02 13:38:10.401232+00,2026-10-02 13:38:36.151228+00
1342,PENDLE,LONG,V100_PRO,2.5048518,2.49805035,4294.8153610453788124,23.732244636372235114491778577,-39.9542424391955676776971821700,-0.0371395268773984951924464372,5.3789379938910835,SL,0,2026-10-02 13:38:10.401232+00,2026-10-02 13:38:26.151824+00
1343,XPL,LONG,V100_PRO,0.10221108,0.10226884,42913.505603289829,23.42045995337828709716458016929,-1.908791012694107474774180,-0.004351774778233436168570,2.1931178771491525,SL,0,2026-10-02 13:40:11.208163+00,2026-10-02 13:42:10.287621+00
1344,ETHFI,LONG,V100_PRO,0.7709852999999999,0.7670163,6740.0427408384176378,23.4204599533779815652216432914,-31.93432789812594109735416422823622,-0.06145384094871718779253496690913,2.5982369372790645,SL,0,2026-10-02 13:40:11.208163+00,2026-10-02 13:44:20.576634+00
1345,MUBARAK,SHORT,V100_PRO,0.06152922,0.06145071,93389.032520621909,23.420459953377802504627030133,1.589484602117123100787305,0.002766171097244528675936,2.87307716377425,TP,0,2026-10-02 13:40:11.208163+00,2026-10-02 13:43:18.945131+00
1346,WLD,LONG,V100_PRO,0.58399185,0.5793102,5887.7585118142374761,23.25919178183470236194965963289,-30.989045410184350717547058110,-0.090126275306752996638555968,1.71920149283382170,SL,0,2026-10-02 13:45:05.755394+00,2026-10-02 13:46:31.374618+00
1347,ETHFI,LONG,V100_PRO,0.7725860999999999,0.76851555,6819.3978893754983191,23.1042465547837886414786902060,-33.01339274825830136663717345266809,-0.06266098788212602552145399919455,2.6342860098504235,SL,0,2026-10-02 13:48:08.640446+00,2026-10-02 13:48:27.106802+00
1348,MAGMA,LONG,V100_PRO,0.26000994,0.25691148,8009.4029409100190554,22.939179591042472742030128588838,-26.8869306070757492135701919960,-0.1291073991248180742628690020,1.04126218905091880,SL,0,2026-10-02 13:52:10.22788+00,2026-10-02 13:53:24.222344+00
1349,BTW,SHORT,V100_PRO,1.3599197,1.3438716,1853.2488818618817714,22.80474493800694147880388700009,27.235724279251222988033263880,0.108066706806291577362982495,1.26013483172347285,TP,0,2026-10-02 13:55:06.376006+00,2026-10-02 14:03:34.103063+00
1350,ZRO,LONG,V100_PRO,1.9359674999999998,1.9408291,2467.3042053267921561,22.7984442638484134214356828317,7.21242784742892159383151410343122,0.01509943581181089249684957594283,2.3883103770629980,TP,0,2026-10-02 13:56:09.091254+00,2026-10-02 14:06:05.851278+00
1351,ASTER,SHORT,V100_PRO,0.7444276000000001,0.7465730999999999,14775.7614465100642728,22.7865027119631431391692223150,-42.716731513374146938886796501642226360,-0.038835211778819049853164020504058015,5.4997423158990085,SL,0,2026-10-02 13:58:09.255875+00,2026-10-02 14:02:23.714082+00
1352,AKE,LONG,V100_PRO,0.032666324999999996,0.032527728,210509.088075495784788658,22.572919054396008791815480360372,-36.037898402486416924377333297372845368,-0.052406882776068633053382373317646417,3.4382791432638845,SL,0,2026-10-02 14:03:10.434658+00,2026-10-02 14:07:05.467026+00
1353,MUBARAK,SHORT,V100_PRO,0.060879545,0.060940455,91015.702283329549,22.69820695423495877852198997414,-11.0875328521552056450923975,-0.0200100050025012505998883,2.7704972714322820,SL,0,2026-10-02 14:06:05.851278+00,2026-10-02 14:10:16.922441+00
1354,ASTER,SHORT,V100_PRO,0.7411292500000001,0.74327145,13998.4312474621067785,22.5693600627037620776696965731,-40.37707998962923826043321570182215,-0.03891899220007710747902100394134,5.1873234258040785,SL,0,2026-10-02 14:08:10.923796+00,2026-10-02 14:09:41.676341+00
1355,CAP,LONG,V100_PRO,0.07429713,0.076611675,31365.147357108034,22.32588948485243399741873475543,70.2294065365025737341815250,0.3013697295575212663553441,1.1651702153301060,TP,0,2026-10-02 14:11:08.607474+00,2026-10-02 14:24:17.44731+00
1356,ASTER,SHORT,V100_PRO,0.73893035,0.74147055,12493.337449055921,22.3200636337740927318899072942,-40.983149789884895386513275,-0.044393906002101551317233,4.6158531069494995,SL,0,2026-10-02 14:12:10.74212+00,2026-10-02 14:13:19.450478+00
1357,ZRO,LONG,V100_PRO,1.9896943499999997,1.97391255,1617.3955412823183044,22.115147884826153389948879218,-28.73077301713672139479247541450868,-0.08927805142533426065344027506661,1.609061385102310,SL,0,2026-10-02 14:20:08.382594+00,2026-10-02 14:27:49.409249+00
1358,FIL,LONG,V100_PRO,1.0591293,1.0552721,6769.1815577377058684,22.1071025779010359358931941475,-33.266470585773272136056875820,-0.046400384731118287446109518,3.5847192624098230,SL,0,2026-10-02 14:22:09.149049+00,2026-10-02 14:23:11.587753+00
1359,NOM,LONG,V100_PRO,0.002611305,0.002608695,1432818.401491505588,22.2977431087310637618442644023582,-7.4793120557856591696238300,-0.0199900049975012493760175,1.8707629279533880,SL,0,2026-10-02 14:25:08.375396+00,2026-10-02 14:29:11.693849+00
1360,CAP,LONG,V100_PRO,0.077168565,0.07606195,28591.5453296528632,22.297743108731104245127342209409,-33.8303815427280797091056200,-0.1533306026229721908107949,1.10318426211088170,SL,0,2026-10-02 14:25:08.375396+00,2026-10-02 14:25:58.859944+00
1361,UAI,SHORT,V100_PRO,0.2962518,0.29784885,15364.808481634056,21.98362882821747705553637027745,-29.102488738625821985017800,-0.063935487480582396427003,2.2759260846696780,SL,0,2026-10-02 14:28:10.693147+00,2026-10-02 14:30:36.528112+00
1362,LIT,SHORT,V100_PRO,3.6747617000000004,3.6948464999999997,1438.2048258878322436,21.9722491977940887174393486896,-34.185559326062196766074738334254643460,-0.064683389129693219189243600771085766,2.6425300054638875,SL,0,2026-10-02 14:29:11.693849+00,2026-10-02 14:31:13.133761+00
1363,NOM,LONG,V100_PRO,0.0026683335,0.0026446770000000002,1046872.763380301975,21.9309938021276366494572656671664,-27.54636851890768434489063777763519750,-0.09861213094240206518411532129654973,1.3967028323826165,SL,0,2026-10-02 14:30:11.441202+00,2026-10-02 14:30:15.24043+00
1364,PONS,SHORT,V100_PRO,0.5171413,0.51595785,11524.863848456940,21.6591291462630982783193212716,7.685936598603068853010500,0.012895903402029580651184,2.9799915364570125,TP,0,2026-10-02 14:31:11.160614+00,2026-10-02 14:35:33.009017+00
1365,NIGHT,LONG,V100_PRO,0.04872435,0.048185895000000006,49623.0271265849909,21.486514041977710843725331091497,-29.12425692968452242580749961980957270,-0.12045519796569764460404529586145291,1.20892487088761070,SL,0,2026-10-02 14:32:10.659405+00,2026-10-02 14:33:52.49909+00
1366,ASTER,SHORT,V100_PRO,0.73873045,0.7413704999999999,12570.145435134856,21.3408927573301667477023231028,-42.48835455611715081982321475765720,-0.04575553200764771440860091176983,4.6429745969313090,SL,0,2026-10-02 14:34:13.979168+00,2026-10-02 14:35:12.902162+00
1367,MUBARAK,SHORT,V100_PRO,0.060779595000000006,0.061070519999999996,95567.735913931944209131,21.340892757329446825789365748642,-33.6255133764608140392781344867540202717380,-0.0578895034591773713310031041334060015440,2.9042841419578695,SL,0,2026-10-02 14:34:13.979168+00,2026-10-02 14:45:41.183339+00
1368,LIT,SHORT,V100_PRO,3.6664658500000002,3.6838409999999997,1390.8652060377032345,21.1672592045146974060222630133,-29.278134610368099574231732492727264825,-0.057413062840881222995092216868640884,2.5497798899452265,SL,0,2026-10-02 14:36:11.124327+00,2026-10-02 14:38:33.569076+00
1369,XPL,LONG,V100_PRO,0.10294144499999999,0.102258845,34229.83846930824938681,21.02086853146253846606920353299,-26.8772741294270729986853873347311319,-0.0762763865418821419571469597107564,1.7618345170735895,SL,0,2026-10-02 14:39:10.321395+00,2026-10-02 14:46:31.423798+00
1370,MAGMA,LONG,V100_PRO,0.290335095,0.30640672,3931.7978420095979096,21.01205935887724187454715890189,62.0172464023605586518754037440,0.5432775563181571280591975957,0.57076944999032580,TP,0,2026-10-02 14:40:09.355451+00,2026-10-02 14:40:54.153894+00
1371,MAGMA,LONG,V100_PRO,0.30752368499999994,0.33350316500000005,3203.79949004946527038,21.322145590889031406968820664476,82.20618402818162690326606521359311004050,0.83437367027518921058850591828395632431,0.49262211259056610,TP,0,2026-10-02 14:41:11.2555+00,2026-10-02 14:48:47.001973+00
1372,PUMP,LONG,V100_PRO,0.00612306,0.006080958,582045.1681513342512,21.04049913609205242022382967941683,-28.05691052397342960677672480,-0.07872535790928065379053753,1.78194874365035435,SL,0,2026-10-02 14:48:08.494207+00,2026-10-02 14:49:57.316986+00
1373,MAGMA,LONG,V100_PRO,0.3337668,0.32035974000000006,2344.7391396858051789,21.445083423077422532955096582500,-32.2029363804384567822183557852634213670,-0.4114885983267341158558378029021196973,0.39129803974384210,SL,0,2026-10-02 14:49:11.738194+00,2026-10-02 14:54:33.864971+00
1374,ZRO,LONG,V100_PRO,1.98869385,1.9741124500000002,1626.1585738757323054,21.44508342307751325465952037097,-26.933744349788161667339313356112150540,-0.083284831146834391326756728156733229,1.61696577749571975,SL,0,2026-10-02 14:49:11.738194+00,2026-10-02 14:51:27.698404+00
1375,HBAR,SHORT,V100_PRO,0.104577685,0.104262105,77601.171738504902,21.17708340222875662785024592885,16.3862715724257276554906450,0.0201916981619931632718135,4.0576754468501340,TP,0,2026-10-02 14:54:10.21353+00,2026-10-02 14:55:39.933333+00
1376,XLM,SHORT,V100_PRO,0.222218835,0.22155071999999998,41706.251381619308,21.17708340222784452652259672894,18.610589833661750779859266202353080,0.020080666092053808600282226929925,4.6339572971202915,TP,0,2026-10-02 14:54:10.21353+00,2026-10-02 14:55:50.207233+00
1377,ARB,SHORT,V100_PRO,0.201749075,0.20275132499999998,25200.907365764279,20.9745670468049491713096264823,-30.354497962244042960053448556777210,-0.059702885874444777051254946330991,2.542129875101815,SL,0,2026-10-02 14:55:12.967538+00,2026-10-02 14:56:25.198271+00
1378,LIT,SHORT,V100_PRO,3.6695643000000002,3.62711265,1469.7022693929270312,21.1802988681796259053891054951,57.02931500825351401679912624540624,0.10574364789029639781805604735787,2.6965834896966340,TP,0,2026-10-02 14:56:11.347493+00,2026-10-02 15:05:54.922008+00
1379,AKE,LONG,V100_PRO,0.0327673755,0.0326346745,208823.9984739587246,21.02775411029446808380596476974,-34.539912216189682815022671350,-0.050477654214326686004766038,3.42130718570381625,SL,0,2026-10-02 15:01:10.593758+00,2026-10-02 15:02:28.939393+00
1380,GRASS,SHORT,V100_PRO,0.6850573000000001,0.688344,7392.1146376624090580,20.8550545492145444512321233676,-29.37183310616159178977480975909420,-0.05800099714286526791249941300486,2.5320110474837445,SL,0,2026-10-02 15:05:11.985545+00,2026-10-02 15:06:25.448981+00
1381,ARB,SHORT,V100_PRO,0.20055967000000002,0.20168079,24794.02387839039874826,21.14102398646693277257324450046,-32.7836558355879172381537273547250348,-0.0659275232154091537019858109189105,2.4863406235110495,SL,0,2026-10-02 15:06:12.818091+00,2026-10-02 15:10:16.454888+00
1382,LIT,SHORT,V100_PRO,3.6192894500000006,3.6407194499999997,1333.2309553205221539,21.1410239864664758084902905178,-33.410773673208836645162379909483166915,-0.069240122394739928843153482322554254,2.4126743655024940,SL,0,2026-10-02 15:06:12.818091+00,2026-10-02 15:07:10.150714+00
1383,LTC,LONG,V100_PRO,70.225095,70.78459,14.7211283435283270,20.67585272862938800000,7.1984868672796307248245350,0.0696318257027633782422209,0.51689631821573470,TP,0,2026-10-02 15:14:08.812915+00,2026-10-02 15:29:11.441723+00
1384,MAGIC,LONG,V100_PRO,0.06639318,0.063518225,7568.9461955123508168,20.673268247038350573218466403959,-22.25202592683341763724346209000,-0.44280311660022911991861290365,0.25126320358448335,SL,0,2026-10-02 15:23:05.909746+00,2026-10-02 15:30:48.683503+00
1385,POL,SHORT,V100_PRO,0.10984505,0.109324635,9409.6237978044454438,20.6720119310203840000000,3.86575722686774847587475299350,0.03740088037649397947379632737,0.51680029827550960,TP,0,2026-10-02 15:25:10.947163+00,2026-10-02 15:40:12.26628+00
1386,AKE,LONG,V100_PRO,0.033043513499999996,0.0328745545,31167.994638100821956236,20.598001031840304829428847249710,-6.293380201047734728872664419143175056,-0.061106708280278978941716739068230423,0.5149500257960060,SL,0,2026-10-02 15:31:09.36198+00,2026-10-02 15:46:11.292829+00
1387,MEGA,SHORT,V100_PRO,0.047906035,0.048314144999999996,21518.5196075368959,20.61733906933697600000000,-9.81718095201716120931478338734260820,-0.09523227918987576367537468275554956,0.51543347673342440,SL,0,2026-10-02 15:41:11.003764+00,2026-10-02 15:56:11.574031+00
1388,XRP,SHORT,V100_PRO,1.5034479,1.5055523999999998,685.6685578973829422,20.6173390693369760000000,-2.474577928301801520755600373673265780,-0.024004823512672437136259111947578218,0.51543347673342440,SL,0,2026-10-02 15:41:11.003764+00,2026-10-02 15:56:11.574031+00
1389,CAP,LONG,V100_PRO,0.07741869,0.079630165,8452.8177308752602246,20.583292583693417364028079033112,17.97905315049248580714586747050,0.27473848154366858951703284231,0.32720303776656760,TP,0,2026-10-02 15:51:08.545359+00,2026-10-02 16:07:37.585224+00
1390,ZRO,LONG,V100_PRO,1.9645818,1.9461264500000002,522.3847667954139655,20.5253521088702920000000,-10.662240914468214431955011334248296550,-0.103893378860578877906313728586793660,0.51313380272175730,SL,0,2026-10-02 16:06:10.102162+00,2026-10-02 16:21:11.548214+00
1391,NIGHT,LONG,V100_PRO,0.047253615,0.04783607,19672.8978892848791,20.614317720798006662318063186150,10.5232329084387922429059315,0.1131998382557609613695767,0.46480777139729015,TP,0,2026-10-02 16:09:10.557535+00,2026-10-02 16:24:12.598885+00
1392,GALA,LONG,V100_PRO,0.0026693339999999998,0.0026936525,386088.6963179016852959350,20.61199368194107276209404885194380,8.35380372832921616693265460154330918700,0.08105769735072569307982420759587054072,0.51529984204852485,TP,0,2026-10-02 16:10:10.178161+00,2026-10-02 16:25:11.766394+00
1393,ASTER,SHORT,V100_PRO,0.7360318000000001,0.7376686499999999,1396.5885473407546526,20.5586716471720172068229053185,-3.315082549054893152851744977031747370,-0.032249968343756338754805310851087330,0.5139667911793005,SL,0,2026-10-02 16:24:10.938787+00,2026-10-02 16:39:12.601732+00
1394,ETH,SHORT,V100_PRO,2690.482613,2689.816703,0.38303614966745930798,20.61104201661530000000,-0.775356964604494643311750794970,-0.007523704662573115836720738251,0.5152760504153825,SL,0,2026-10-02 16:25:11.111976+00,2026-10-02 16:40:14.213944+00
1395,POL,SHORT,V100_PRO,0.10909542500000001,0.10839417,9465.47994758492948119,20.652811154215017452104534633719,5.6083934405033305603203089681448119,0.0543111869723235360867631562802479,0.51632027885537785,TP,0,2026-10-02 16:26:10.101777+00,2026-10-02 16:41:11.238997+00
1396,SOL,SHORT,V100_PRO,119.46024,119.929935,8.6372771283698467,20.63622397403145400000,-5.09072552245165268110198225,-0.04933776187792691528644849,0.51590559935078635,SL,0,2026-10-02 16:40:10.698931+00,2026-10-02 16:55:14.208929+00
1397,US,SHORT,V100_PRO,0.0245227325,0.0244392135,32165.3015500457993,20.632344041463793592612242972719,1.898975941374745749801274725,0.024074815887666678248104945,0.39439054284680425,TP,0,2026-10-02 16:41:09.838209+00,2026-10-02 16:56:12.523436+00
1398,XRP,SHORT,V100_PRO,1.4978507,1.5018505500000001,689.6880863141538739,20.66099565734638496880863141539,-3.793077999357075009962623553595083695,-0.036717281802519437017665367569227212,0.51652489143365790,SL,0,2026-10-02 16:42:11.277419+00,2026-10-02 16:57:12.422833+00
1399,MEGA,SHORT,V100_PRO,0.047706135000000004,0.047853915,21627.762271323849930181,20.6355389332735577587299329986923,-4.229525730474062407648881638907779276,-0.040992636481659221733838908676627309,0.51588847333184115,SL,0,2026-10-02 16:56:11.175282+00,2026-10-02 17:11:11.976053+00
1400,PONS,SHORT,V100_PRO,0.5121438,0.5116556999999999,2013.8917583097247297,20.628043557788480000000,-0.047930120374630381253993257040793515,-0.000464708349488951149938867528173937,0.5157010889447120,SL,0,2026-10-02 17:05:11.047589+00,2026-10-02 17:20:11.670537+00
1401,US,SHORT,V100_PRO,0.0240629625,0.024195091499999998,37585.8599039989569,20.6254650523438047304637579360397,-5.87309231169721120598446027308724310,-0.06493715268849294803206939057181256,0.45221356870009025,SL,0,2026-10-02 17:09:09.973662+00,2026-10-02 17:24:12.08655+00
1402,ETH,SHORT,V100_PRO,2683.554692,2680.1738109999997,0.38390564313146743200,20.6046357982146551716929394,0.2683564743926749516234662339497148000,0.0026048164793665407061709375729379196,0.5151158949553635,TP,0,2026-10-02 17:12:05.826697+00,2026-10-02 17:27:10.255069+00
1403,GTC,LONG,V100_PRO,0.149964945,0.14862565,2491.8662653830326814,20.604399073582662206544416140932,-3.7093679453167425706577719550,-0.0992625508247944211228917343,0.18684629371776095,SL,0,2026-10-02 17:23:10.922316+00,2026-10-02 17:38:14.686657+00
1404,PENGU,SHORT,V100_PRO,0.009513241,0.009422709,108145.901320060324,20.57636044839904000000000,8.7667420482569031046191420,0.0852117853421352407502077,0.5144090112099760,TP,0,2026-10-02 17:25:10.852314+00,2026-10-02 17:40:15.402311+00
1405,XLM,SHORT,V100_PRO,0.21937026,0.21888939,4690.1767279643398335,20.57770576518973000000000,1.2276076775583137017813867175,0.0119314338689300910707015003,0.51444264412974325,TP,0,2026-10-02 17:33:09.970181+00,2026-10-02 17:48:11.561445+00
1406,ASTER,SHORT,V100_PRO,0.7331332500000001,0.73186575,1402.0316868530437813,20.55752094371108519593662629391,0.75008765348236198257445506687813,0.00729745240718655001690780436004,0.51393802359277720,TP,0,2026-10-02 17:39:12.632999+00,2026-10-02 17:54:15.445136+00
1407,1000BONK,SHORT,V100_PRO,0.003772113,0.003765882,273074.494439727283,20.60135700889046000000000,0.6723100879968446703936970,0.0065268524564348947160559,0.5150339252222615,TP,0,2026-10-02 17:41:11.332441+00,2026-10-02 17:56:16.041945+00
1408,US,SHORT,V100_PRO,0.023833077500000004,0.0239469675,32344.568624539649595052,20.607492090872819644922028949670,-4.456435392841737659763023323806619792,-0.057810420202760629161648148841162612,0.3854353053663610,SL,0,2026-10-02 17:49:09.500123+00,2026-10-02 18:04:11.721433+00
1409,MAGMA,LONG,V100_PRO,0.343021425,0.341679075,1451.5356806796932582,20.6178217627974205131338501112751,-2.44540252412499940201752608250,-0.04911355755693685897326146138,0.248953918812546675,SL,0,2026-10-02 18:02:09.912083+00,2026-10-02 18:17:11.449016+00
1410,LIT,SHORT,V100_PRO,3.6223879,3.6294138,284.5716356495581271,20.616576993203360000000,-3.031200390497853560391336990,-0.029405467178156154949836671,0.5154144248300840,SL,0,2026-10-02 18:04:10.29363+00,2026-10-02 18:19:11.622139+00
1411,GTC,LONG,V100_PRO,0.16322157,0.163848035,2573.1354744784623135,20.5936449206418422199362525402617,1.19118211339457076828251301375,0.02836207233516991657408313977,0.209995605983534775,TP,0,2026-10-02 18:05:10.916741+00,2026-10-02 18:20:11.720455+00
1412,FET,SHORT,V100_PRO,0.22378805,0.22081035,4598.4610660813564442,20.581612699585266030778678372871,12.6706033002494224114350612650,0.1231254662614916212014120768,0.51454031748963395,TP,0,2026-10-02 18:18:09.816709+00,2026-10-02 18:33:12.758685+00
1413,FIL,SHORT,V100_PRO,1.0232881,1.0177086,1004.9203674004207613,20.5664610681695700000000,4.581433613097124461476571410,0.044552474029552381191724393,0.51416152670423925,TP,0,2026-10-02 18:20:11.018869+00,2026-10-02 18:35:12.14045+00
1414,BR,SHORT,V100_PRO,0.65311328,0.661000335,1574.8337064232514151,20.57089614913293600000000,-13.45555526589989100830669252925,-0.13082128428777317160058602026,0.51427240372832340,SL,0,2026-10-02 18:21:12.618649+00,2026-10-02 18:36:15.69764+00
1415,DASH,SHORT,V100_PRO,57.78109500000001,57.06852,17.8555377889627969,20.634250505202986428892442207,11.698059019630179229323595627969,0.113384869653302673054348328381,0.51585626263007475,TP,0,2026-10-02 18:34:12.193902+00,2026-10-02 20:34:13.751925+00
1416,XLM,SHORT,V100_PRO,0.21473258,0.21168578999999998,4809.9708948658019198,20.65714919958884800000000,13.6294412484002145670568584436964151980,0.1319585884452196313200721927213458929,0.51642872998972120,TP,0,2026-10-02 18:36:06.227223+00,2026-10-02 18:51:07.951744+00
1417,PEPE,SHORT,V100_PRO,0.00000421699045,0.00000417078435,244129799.26985656322746,20.5898606416280420000000000000,10.25643302892053870581740167687450,0.09962605582851153955067657541701,0.51474651604070105,TP,0,2026-10-02 18:37:07.429289+00,2026-10-02 20:37:09.796271+00
1418,MEGA,SHORT,V100_PRO,0.045797090000000006,0.0454227,22553.852503444853475993,20.6580162589397852935376995866176,7.415257994237247043000046318570855958,0.071790610495122278276989486363575044,0.51645040647349470,TP,0,2026-10-02 19:07:11.023319+00,2026-10-02 19:22:14.667686+00
1419,2Z,SHORT,V100_PRO,0.045827075,0.04598298,22579.5477334206623,20.69509254891097400000000,-4.5567791490191865289453270,-0.0440372918193011445852352,0.51737731372277435,SL,0,2026-10-02 19:30:06.633409+00,2026-10-02 19:45:09.877074+00
1420,PONS,SHORT,V100_PRO,0.46246865000000004,0.4618308,2234.99567518423986275,20.67230865316587821200345985261,0.3926893547537709746792335195945100,0.0037991823878232603399975100916711,0.5168077163291470,TP,0,2026-10-02 19:47:10.720571+00,2026-10-02 20:02:16.094362+00
1421,OP,SHORT,V100_PRO,0.12495749,0.12488241,8272.5221593117979562,20.67427209993964800000000,-0.4123020907939920445501692210,-0.0039885524269093433295090820,0.51685680249849120,SL,0,2026-10-02 20:04:09.118581+00,2026-10-02 20:19:13.068933+00
1422,RAYSOL,SHORT,V100_PRO,1.8438776000000001,1.8575283,560.5635262743490913,20.67221058948561882252032001639,-8.68952109985154148484079946009087,-0.08406958764507958233902567849627,0.51680526473714190,SL,0,2026-10-02 20:20:11.103144+00,2026-10-02 20:35:13.151677+00
1423,LSK,LONG,V100_PRO,0.29004494999999997,0.290664595,3573.70403097404284133,20.730696139573401355343347805711,1.1767858133772168785429402156102399,0.0113530757043013522234835892175032,0.51826740348933230,TP,0,2026-10-02 20:35:11.255445+00,2026-10-02 20:50:11.690103+00
1424,ENA,SHORT,V100_PRO,0.233833025,0.23398693499999998,4423.5071635797112063,20.68724122338027400000000,-1.7155244597092518140569346152287619370,-0.0165853381916425188443978550326195924,0.51718103058450685,SL,0,2026-10-02 20:37:09.115205+00,2026-10-02 20:52:11.503828+00
1425,PENGU,SHORT,V100_PRO,0.0087946005,0.008766381,117904.794060583878,20.738511215952042095205939416122,2.2919523823630350667182410,0.0221033453992594660961641,0.5184627803988040,TP,0,2026-10-02 20:38:08.953542+00,2026-10-02 20:53:09.640929+00
1426,PUMP,SHORT,V100_PRO,0.0052323825000000004,0.0052836405,198307.8886798000567957034,20.7524545268027973982700984416336,-11.20757091716822054407273231229113171864,-0.10801200313623783406415695814849529459,0.5188113631700670,SL,0,2026-10-02 20:56:10.116698+00,2026-10-02 21:11:11.455061+00
1427,ZEC,SHORT,V100_PRO,1278.7503050000003,1288.36386,0.81143497857475291595,20.7524545268027562748879860,-8.842297909189825321071928607625215,-0.085216887455598281116285948513206,0.5188113631700670,SL,0,2026-10-02 20:56:10.116698+00,2026-10-02 21:11:11.455061+00
1428,MARSCOIN,SHORT,V100_PRO,0.10946524000000002,0.11017505999999999,9476.64592576190314356,20.747266413170978209341629695239,-7.76743948808809090487871252089617748220,-0.07487675082975836486966331869216050521,0.51868166032927455,SL,0,2026-10-02 20:57:05.797003+00,2026-10-02 21:12:12.021155+00
1429,QNT,SHORT,V100_PRO,228.56566,227.69379,4.5092880499263214,20.61336798523045200000,2.9028103293137838688559470,0.0281643478289783338511942,0.51533419963076130,TP,0,2026-10-02 21:15:08.744674+00,2026-10-02 21:30:11.342477+00
1430,LSK,LONG,V100_PRO,0.292856355,0.29593196000000005,3518.9250570014599820,20.61079131423229600000000,9.7868725224775668985514212879626004500,0.0949684305979991444952928669885927001,0.51526978285580740,TP,0,2026-10-02 21:16:11.055688+00,2026-10-02 21:31:11.651818+00
1431,XPL,SHORT,V100_PRO,0.09151422000000001,0.09055525499999999,11259.56980528163696750,20.60821496531801774808603894367,9.77252137673539025102789755289753483750,0.09484102716496080119121992436028413618,0.5152053741329505,TP,0,2026-10-02 21:18:07.608798+00,2026-10-02 21:33:10.798776+00
1432,QNT,SHORT,V100_PRO,225.85701500000002,226.983435,4.5654392583493752,20.622729661091982865039129673,-6.176309873489110610498739012496,-0.059898083085884221487821488660,0.51556824152730190,SL,0,2026-10-02 21:31:08.179603+00,2026-10-02 21:46:11.322865+00
1433,PONS,SHORT,V100_PRO,0.44667655000000006,0.45032504999999995,2313.94087415279638289,20.671662531411105223270951016644,-9.48021761255645158101186553582797252775,-0.09172186898998591832656464910333700520,0.51679156328527770,SL,0,2026-10-02 21:33:09.375437+00,2026-10-02 21:48:09.729802+00
1434,PENDLE,SHORT,V100_PRO,2.31913985,2.3335661999999995,446.7284973639907917,20.720517207349020000000,-7.483909849143209586221668933606452075,-0.072236708903085338945505105610302368,0.5180129301837255,SL,0,2026-10-02 21:36:09.812842+00,2026-10-02 21:51:11.438141+00
1435,LSK,LONG,V100_PRO,0.302501175,0.30131926500000006,3412.3514238071865341,20.64480630429193800000000,-5.0633160403906881218897000012735500230,-0.0490517175677066388254068305872137964,0.51612015760729845,SL,0,2026-10-02 21:51:09.781244+00,2026-10-02 22:06:10.740066+00
1436,NMR,LONG,V100_PRO,11.961977999999998,12.083955000000001,86.1370762381819522,20.6073962189090193084068113453,9.47111896628537080556110092676562390,0.09191960852962864409512319406428705,0.51518490547272755,TP,0,2026-10-02 21:58:09.334607+00,2026-10-02 22:13:10.975022+00
1437,LIT,SHORT,V100_PRO,3.54472675,3.55047435,290.6767950295336869,20.6073962189091020000000,-2.7018991050307587927261305075,-0.0262226151846542191158555409,0.51518490547272755,SL,0,2026-10-02 21:58:09.334607+00,2026-10-02 22:13:10.975022+00
1438,XPL,SHORT,V100_PRO,0.09109443,0.09092544,11295.700730791367,20.5795083904404600000000,0.880839477207658312991760,0.008560354897659494783754,0.5144877097610115,TP,0,2026-10-02 22:08:10.25458+00,2026-10-02 22:23:11.543571+00
1439,APT,SHORT,V100_PRO,0.7764116000000001,0.7790893499999999,1327.6420586872127712,20.61593390025265534471588262557,-4.587667764423376078899912983085121440,-0.044506038742849791978154544057451057,0.51539834750631645,SL,0,2026-10-02 22:14:07.052081+00,2026-10-02 22:29:09.778415+00
1440,OP,SHORT,V100_PRO,0.12410791500000001,0.12430212,8305.64831431285278577,20.615933900252739395353480265957,-2.6446016251091179410368781376721423,-0.0256558993437275921800861949546350,0.51539834750631645,SL,0,2026-10-02 22:14:07.052081+00,2026-10-02 22:29:09.778415+00
1441,2Z,SHORT,V100_PRO,0.045327325,0.045612795,22743.1869768538470,20.61775655271243600000000,-7.52663166271123073717618250,-0.07301116048652771810153879,0.51544391381781090,SL,0,2026-10-02 22:24:10.358231+00,2026-10-02 22:39:11.926871+00
1442,VELVET,LONG,V100_PRO,0.08391193499999999,0.08921537000000002,12265.34221244614872310,20.584171969670748453068442489230,63.98671235539293905920360273650020576900,0.62170790692647364367272591235973293466,0.51460429924176865,TP,0,2026-10-02 22:38:11.072851+00,2026-10-02 23:31:22.445471+00
1443,ZEC,SHORT,V100_PRO,1282.168595,1291.2653099999998,0.80124186045244970300,20.54654300943007000000,-8.3196403355023520245312199298144297000,-0.0809833589201254761663984232827043113,0.51366357523575175,SL,0,2026-10-02 22:42:08.126708+00,2026-10-02 22:57:09.797675+00
1444,PONS,SHORT,V100_PRO,0.443778,0.44502239999999993,2314.6679974620069044,20.543974691553890000000,-3.9090117770472746447684870283464503460,-0.0380550680745762513012249870954495198,0.51359936728884725,SL,0,2026-10-02 22:43:08.684987+00,2026-10-02 22:58:11.442337+00
1445,ARK,SHORT,V100_PRO,0.21489250000000001,0.21540764999999998,4766.42966805898741155,20.48539974886727138241738579833,-3.48092394406556059435642822853777938450,-0.03398443756761962195123040505326847383,0.5121349937216830,SL,0,2026-10-02 23:00:11.151294+00,2026-10-02 23:15:13.016324+00
1446,NIGHT,LONG,V100_PRO,0.048024,0.048045965,21325.6278880338081,20.482839073898712000000,-0.55595874584255333647815825,-0.00542853208812260536303771,0.51207097684746780,SL,0,2026-10-02 23:09:10.2949+00,2026-10-02 23:24:11.970259+00
1447,LSK,LONG,V100_PRO,0.29262624,0.29411287,3496.8557116174472255,20.46543477426275800000000,4.1726596025454267460623939075,0.0407776296821501721786637842,0.51163586935656895,TP,0,2026-10-02 23:16:09.983462+00,2026-10-02 23:31:13.126742+00
1448,2Z,SHORT,V100_PRO,0.04553722,0.04549273499999999,22468.057070755527,20.4626571560712246805707075553,-0.023141593251369308292179590952365,-0.000226183658113076515753623251369,0.511566428901775,SL,0,2026-10-02 23:25:07.672599+00,2026-10-02 23:40:15.237907+00
1449,RENDER,LONG,V100_PRO,1.9619805,1.971014,530.2302287040868653,20.80602738455928004604574081737,3.74713848438491081332634290,0.03601974000251276707400158,0.52015068461397935,TP,0,2026-10-02 23:32:11.833158+00,2026-10-02 23:47:13.099582+00
1450,VELVET,LONG,V100_PRO,0.089494725,0.09147424000000001,8869.9622363436805912,20.806027384559285452033223870748,16.7556293535258489103204349110875090440,0.2110773028801429352400207669865786672,0.39690741555098135,TP,0,2026-10-02 23:32:11.833158+00,2026-10-02 23:47:13.099582+00
1451,HYPE,LONG,V100_PRO,89.080518,89.1244155,11.6770112507858340,20.8038842182366000000,-0.527858905331149537450013500,-0.005074618756707274648911905,0.520097105455915,SL,0,2026-10-02 23:43:10.061168+00,2026-10-02 23:58:11.14099+00
1452,VELVET,LONG,V100_PRO,0.09352673999999998,0.092983485,7458.36178127532884357,20.908382862399756481588559712304,-4.9181193474957414838760740641481286,-0.0705049844342890739652640265938501,0.34877813157163720,SL,0,2026-10-02 23:48:10.171504+00,2026-10-03 00:03:14.143154+00
1453,RENDER,LONG,V100_PRO,1.976988,1.9840075000000001,528.7938738727726218,20.90838286239970000000,2.612322563075171047949861833623548910,0.024988279392692823280248884832976441,0.5227095715599925,TP,0,2026-10-02 23:48:10.171504+00,2026-10-03 00:03:14.143154+00
1454,2Z,SHORT,V100_PRO,0.04487755,0.044882429999999994,23282.036418519081,20.896815069478359692218511114488,-1.1585138993650055315387946299567570,-0.0110879470915845444668148114718548,0.5224203767369555,SL,0,2026-10-03 00:05:10.832859+00,2026-10-03 00:20:11.33422+00
1455,AXS,LONG,V100_PRO,1.2475234499999999,1.2287853000000002,837.5319545888384573,20.8968150694781379218684502938,-16.730793248655063783025272652346655730,-0.160127686377355885785414357517773172,0.5224203767369555,SL,0,2026-10-03 00:05:10.832859+00,2026-10-03 00:20:11.33422+00
1456,ARK,SHORT,V100_PRO,0.21129430000000002,0.20930459999999998,4943.71851623797897589,20.891590865710897459697755884598,8.79685544683924146932763463453882535890,0.08421431860679818772069757649697857905,0.52228977164277125,TP,0,2026-10-03 00:12:09.032572+00,2026-10-03 00:27:11.404045+00
1457,UNI,LONG,V100_PRO,9.0355155,9.048473500000002,115.1276708278565069,20.804757084879906000000,0.45084059216430577438057631015729310,0.00433401447875552756169685482340878,0.52011892712199765,TP,0,2026-10-03 00:24:08.244001+00,2026-10-03 00:39:12.740677+00
1458,STRK,LONG,V100_PRO,0.043641809999999996,0.043578200000000004,23886.213949807200836649,20.8487522163366123660413167557727,-2.5610799791292067330299010579077084812980,-0.0245681847292749796186898422210610754513,0.52121880540841765,SL,0,2026-10-03 00:32:10.173911+00,2026-10-03 00:47:12.518806+00
1459,WLD,LONG,V100_PRO,0.56578275,0.5597200000000001,1842.2394569567262346,20.8461461223096640000000,-12.205760055145858851002583175212851730,-0.117103276390096729707604574065220133,0.52115365305774160,SL,0,2026-10-03 00:33:09.892098+00,2026-10-03 00:48:12.689213+00
1460,US,SHORT,V100_PRO,0.0238250815,0.02433216,43753.0405754137966,20.8483951516408995060811508275932,-23.2397390560947154417724280,-0.2229403163846469948056599,0.52120987879102030,SL,0,2026-10-03 00:40:08.126974+00,2026-10-03 00:51:41.53506+00
1461,ENJ,LONG,V100_PRO,0.033996990000000005,0.03420289,30643.286062057621771327,20.8355897963782775789574558518596,5.264518384058509850732767744376143365,0.050533903148483136958021488631339175,0.52088974490945625,TP,0,2026-10-03 00:48:05.099347+00,2026-10-03 01:03:12.595158+00
1462,ARK,SHORT,V100_PRO,0.2082958,0.20730359999999998,4986.7933764490834669,20.774562315643260000000,3.9116422205247737918992173261601726690,0.0376579988650764926609404589147824398,0.5193640578910815,TP,0,2026-10-03 00:49:06.660779+00,2026-10-03 01:04:12.90199+00
1463,NIGHT,LONG,V100_PRO,0.051895935,0.05215391,16541.1348419177205,20.6583728494673761081937813569367,3.4066480026309047848064225,0.0396852041494194102008422,0.42920882929119865,TP,0,2026-10-03 00:54:09.019275+00,2026-10-03 01:09:12.860869+00
1464,SAND,LONG,V100_PRO,0.06805401,0.06818589000000001,8377.4096816016014339,20.685153845965676675588162507015,0.5341440601694859197146257725063318305,0.0093690364462005978780558447612202689,0.28505816112290610,TP,0,2026-10-03 01:04:10.127946+00,2026-10-03 01:19:12.499781+00
1465,MAGIC,LONG,V100_PRO,0.058949459999999995,0.05843077,17562.403104754596357829,20.7058835865521553186434152300560,-10.140182324299478035940372236183210855,-0.097944937069821342972856641311520218,0.51764708966380340,SL,0,2026-10-03 01:05:08.907335+00,2026-10-03 01:20:12.462787+00
1466,DASH,LONG,V100_PRO,59.68982999999999,59.480245000000004,17.3584634394698623,20.7224746352633406793754905447,-4.67237825494423874623440605086752460,-0.04509479043582232386567365226479036,0.51806186588158560,SL,0,2026-10-03 01:12:12.263329+00,2026-10-03 01:27:15.076093+00
1467,AKE,LONG,V100_PRO,0.0331355595,0.033381301,31198.911340047389,20.67586766086730000000000,6.6292404543913553207069555,0.0641253906547134053542181,0.5168966915216825,TP,0,2026-10-03 01:21:09.931711+00,2026-10-03 01:36:11.209906+00
1468,ENJ,LONG,V100_PRO,0.035517749999999994,0.034672655000000004,28781.466954278676793682,20.6732831774097823517334953970591,-25.3331652267333189250120019946444167673640,-0.2478169936158653483653092381642056015679,0.51112647395766565,SL,0,2026-10-03 01:22:11.972395+00,2026-10-03 01:33:09.792972+00
1469,MOVR,SHORT,V100_PRO,1.8247871500000001,1.8273131999999999,500.9199928112688923,20.64995596309465358628473890574,-2.180053988374821904174437285658095385,-0.023849905864362316238061446799856729,0.45703618303004795,SL,0,2026-10-03 01:31:05.952936+00,2026-10-03 01:46:09.722933+00
1470,GRASS,LONG,V100_PRO,0.7215605999999999,0.7202397,1422.1647210515348845,20.5235605884155628443294421031,-2.90377614076758979733985217151155,-0.02829700166555519013902055447332,0.5130890147103890,SL,0,2026-10-03 01:34:08.629576+00,2026-10-03 01:49:09.703788+00
1471,INJ,LONG,V100_PRO,7.711854,7.712142000000001,133.2800506147521724,20.55672582907158000000,-0.98947082920368568511685095520368620,-0.00962673567212112742410163424407381,0.5139181457267895,SL,0,2026-10-03 01:40:10.865691+00,2026-10-03 01:55:12.136408+00
1472,ARK,SHORT,V100_PRO,0.20419785000000001,0.20580284999999998,5027.86579625738787025,20.533587713685882715768878174644,-9.10043885097874987412514442204001379750,-0.08863954003433287404154750674739393685,0.51333969284214835,SL,0,2026-10-03 01:54:11.662748+00,2026-10-03 02:09:12.83613+00
1473,UNI,LONG,V100_PRO,9.143569499999998,9.0564695,112.2572713632479224,20.5286432518044547475622177778,-10.7991516941610170915742569041552,-0.1052105739448888314826480177088,0.51321608129510845,SL,0,2026-10-03 01:59:11.251818+00,2026-10-03 02:14:14.958092+00
1474,GRASS,LONG,V100_PRO,0.72686325,0.7290353,1411.9627847052292161,20.5260771713978640000000,2.039016481065840422265890835,0.019867571032102668555650985,0.51315192928494660,TP,0,2026-10-03 02:03:07.372623+00,2026-10-03 02:18:09.474014+00
1475,ICP,LONG,V100_PRO,3.3466725,3.3753115,305.9841666007169808,20.48057591596076000000,7.734670211206256646361440400,0.075531764760370188597419415,0.5120143978990190,TP,0,2026-10-03 02:10:09.545257+00,2026-10-03 02:25:11.352427+00
1476,FIL,LONG,V100_PRO,1.0487241,1.0500747000000001,973.8779802002706908,20.4265861659069340000000,0.293332631963206991318299637055545460,0.002872067114697754633295286100602659,0.51066465414767335,TP,0,2026-10-03 02:15:09.545619+00,2026-10-03 02:30:11.873435+00
1477,QNT,LONG,V100_PRO,256.62825,255.07240000000002,3.9817895505829826,20.436793684688025635791011660,-7.2138094228727139177070038461778260,-0.0705962934711973451654355206075753,0.51091984211719865,SL,0,2026-10-03 02:19:07.077219+00,2026-10-03 02:34:09.667362+00
1478,ENJ,LONG,V100_PRO,0.035487735,0.03592203,28848.6606830823184,20.47547250852288600000000,11.4987910513874115525108240,0.1123177113163181589287470,0.51188681271307215,TP,0,2026-10-03 02:28:09.585266+00,2026-10-03 02:43:12.339354+00
1479,UNI,LONG,V100_PRO,9.171583499999999,9.111442,111.6324845152959586,20.4769330608897666001651750100,-7.7342348479873157814665353040414,-0.0755409496626171555376807393398,0.51192332652224690,SL,0,2026-10-03 02:33:10.833714+00,2026-10-03 02:48:15.434749+00
1480,STRK,LONG,V100_PRO,0.043691835,0.043388295,23392.0811478317242,20.44085899635348600000000,-8.11892504527470944364211950,-0.07943819823543689569634312,0.51102147490883715,SL,0,2026-10-03 02:35:07.967155+00,2026-10-03 02:50:09.26789+00
1481,PONS,SHORT,V100_PRO,0.42558710000000005,0.4244121,2408.24466699054595308,20.498357278299419509308663103995,1.8061844635408966130557573932976540,0.0176227239970396162591967548443495,0.51245893195748615,TP,0,2026-10-03 02:44:10.581504+00,2026-10-03 02:59:13.559504+00
1482,SAND,LONG,V100_PRO,0.07403699999999999,0.07348324,5872.96145744357225076,20.421643908180489343589348817320,-3.6854014785303065930462517954774924,-0.0847576373975161175841330158236587,0.21740822371237485,SL,0,2026-10-03 02:58:09.638829+00,2026-10-03 03:13:11.405401+00
1483,AXS,LONG,V100_PRO,1.2524259,1.24487725,815.2835192956526210,20.4216439081805020000000,-7.1722949883711876934045361250,-0.0702420923665024813047604896,0.51054109770451255,SL,0,2026-10-03 02:58:09.638829+00,2026-10-03 03:13:11.405401+00
1484,MANA,LONG,V100_PRO,0.10409202,0.10296849000000001,9813.2389872686263558,20.42959737855091200000000,-12.0414355340936843263237606210795737790,-0.1178822598504659631929495191839210614,0.51073993446377280,SL,0,2026-10-03 03:00:11.420586+00,2026-10-03 03:15:12.707214+00
1485,FIL,LONG,V100_PRO,1.0532263499999999,1.0556719,967.3321856764774227,20.37639494315126866788293900070,1.34565664991030699123814658274227,0.01320799536585939178314130822340,0.50940987357877925,TP,0,2026-10-03 03:15:11.884871+00,2026-10-03 03:30:14.397098+00
1486,GALA,LONG,V100_PRO,0.0027083535,0.0026446770000000002,375065.4118043513522,20.316194415785126000000000,-24.886720989201580313328600010164695220,-0.244993924352931772385150315762297291,0.50790486039462815,SL,0,2026-10-03 03:17:11.813945+00,2026-10-03 03:22:26.042327+00
1487,MAGIC,LONG,V100_PRO,0.060380174999999994,0.05992002500000001,16821.460762148466792764,20.3136548914832233044183400516832,-8.752207716691654377392508384823649739820,-0.086170684334714838720227321368690512915,0.50784137228707885,SL,0,2026-10-03 03:20:11.291883+00,2026-10-03 03:35:15.624958+00
1488,UNI,LONG,V100_PRO,9.148572,9.119438,110.3408357281206400,20.189221603977682000000,-4.22252365334789929226016000,-0.04182948442664057297821042,0.50473054009944205,SL,0,2026-10-03 03:24:08.519542+00,2026-10-03 03:39:11.797418+00
1489,LSK,SHORT,V100_PRO,0.286586635,0.283971915,3516.3453194829908938,20.154751452172500509640415510273,8.19111799036681493281676218650,0.08128225257259467106686769978,0.50386878630431515,TP,0,2026-10-03 03:36:05.999963+00,2026-10-03 03:51:11.356796+00
1490,MANA,LONG,V100_PRO,0.108484215,0.105697125,7965.5253871648718664,20.152232108241136606531103207209,-23.05366960192683825876070805000,-0.26678357491917142046885578305,0.43206688434457610,SL,0,2026-10-03 03:37:05.904952+00,2026-10-03 03:46:39.274755+00
1491,QNT,LONG,V100_PRO,255.22754999999998,251.63412,3.9438302816943397,20.131482808253044700926478791,-15.171366250536893921260648113206,-0.150722789722346991635806104247,0.50328707020632805,SL,0,2026-10-03 03:42:09.901815+00,2026-10-03 03:57:11.558207+00
1492,UNI,LONG,V100_PRO,9.152574,9.153421,109.3455150393440140,20.01585835931418000000,-0.90822357455300378212794700,-0.00907503998328776145581066,0.5003964589828545,SL,0,2026-10-03 03:50:10.542931+00,2026-10-03 04:05:12.194185+00
1493,GRASS,LONG,V100_PRO,0.7176586500000001,0.7160418000000001,1397.3796115258011037,20.0568313109027569432019295285,-3.261065113828174768753992906290055185,-0.032518248404028848183211845425462417,0.5014207827725655,SL,0,2026-10-03 03:52:04.696063+00,2026-10-03 04:07:09.658099+00
1494,LIT,SHORT,V100_PRO,3.48015905,3.48564195,287.0699804810229004,19.98098381108719012099414430687,-2.5738121745317453608756158900,-0.0257626170849863887682178108,0.49952459527717760,SL,0,2026-10-03 04:03:12.111613+00,2026-10-03 04:18:14.196086+00
1495,PONS,SHORT,V100_PRO,0.42918530000000005,0.4286142,2325.64452124497130661,19.962648830877634187245903654455,0.3307072323322814551282333175653305,0.0033132600301093713702198441073227,0.49906622077193975,TP,0,2026-10-03 04:13:08.347238+00,2026-10-03 04:28:12.853875+00
1496,LIT,SHORT,V100_PRO,3.46496665,3.4579280999999997,287.8784138063414838,19.9497820618774560000000,1.029770629707586769992536583396362570,0.010323627862335414252223754972111982,0.49874455154693640,TP,0,2026-10-03 04:19:12.186939+00,2026-10-03 04:34:15.194204+00
1497,BCH,SHORT,V100_PRO,309.25529500000005,308.49416999999994,3.2250520300904977,19.947288339119682524427669005,1.4585306433102004079631663574619310,0.0146238488010402516317840249612811,0.49868220847799295,TP,0,2026-10-03 04:21:12.541054+00,2026-10-03 04:36:15.182275+00
1498,ASTER,SHORT,V100_PRO,0.7104446,0.7117557,1403.9760310193681534,19.9489437953428520000000,-2.839120540523770932713202190,-0.028463868259397002947193633,0.49872359488357130,SL,0,2026-10-03 04:30:08.161599+00,2026-10-03 04:45:13.778539+00
1499,DOT,SHORT,V100_PRO,1.1428283000000001,1.14647295,873.4417417530546038,19.96387881753356090894234118843,-4.18317507967890570913032829953962,-0.04190743810771836531278313041242,0.49909697043834125,SL,0,2026-10-03 04:37:07.01598+00,2026-10-03 04:52:11.115479+00
1500,1000BONK,SHORT,V100_PRO,0.0036151915,0.003629814,276076.4309813388585,19.961383332681458000000000,-5.03701524246471267207990950,-0.05046759694472616457589433,0.49903458331703645,SL,0,2026-10-03 04:43:10.259455+00,2026-10-03 04:58:12.421119+00
1501,OP,LONG,V100_PRO,0.13005499499999998,0.13043475000000002,7668.75050629030936778,19.947186175036519692490076709936,1.91343091659049139238951927197161752220,0.01918497075026145965173779949633197544,0.49867965437591675,TP,0,2026-10-03 04:46:10.486443+00,2026-10-03 05:01:11.465008+00
1502,MANA,LONG,V100_PRO,0.10928461499999999,0.11264365,8356.46179507437788535,19.926272386218646515950672772819,27.1423801119579254114920352300288535,0.2972120885908789908087346773971483,0.45661635501845610,TP,0,2026-10-03 04:53:11.55754+00,2026-10-03 05:08:15.340694+00
1503,PUMP,SHORT,V100_PRO,0.0054122925,0.0054187079999999995,183852.7703477570364,19.901299401147756000000000,-2.175162171947414112274319134542540900,-0.021859499001577427218116008798174369,0.49753248502869390,SL,0,2026-10-03 04:59:10.131891+00,2026-10-03 05:14:11.426537+00
1504,ALICE,LONG,V100_PRO,0.18189089999999997,0.1847076,5473.30083351543460502,19.910872291577396550972164954915,14.4133945199553349065597433870381506,0.1447791368342248264941972406894269,0.49777180728943620,TP,0,2026-10-03 05:02:11.557666+00,2026-10-03 05:17:14.970033+00
1505,OP,LONG,V100_PRO,0.131655795,0.131704115,7613.1773823081164031,20.04637841487603226354764616233,-0.63463412399622237949584237825,-0.00633165862543308481026790980,0.5011594603718970,SL,0,2026-10-03 05:10:06.816368+00,2026-10-03 05:25:10.232737+00
1506,AXS,LONG,V100_PRO,1.30075005,1.27226355,770.1512088790398278,20.0354844691394300000000,-22.9297171789838731705788083450,-0.2288910678881004079148344006,0.50088711172848575,SL,0,2026-10-03 05:16:08.852077+00,2026-10-03 05:24:09.722119+00
1507,UNI,LONG,V100_PRO,9.206601,9.2623665,109.2017339798749289,20.107535865217010000000,5.081267658345737489756329075,0.050540928459916966099984112,0.50268839663042525,TP,0,2026-10-03 05:22:04.268148+00,2026-10-03 05:37:10.806429+00
1508,INJ,LONG,V100_PRO,7.775886,7.770113,128.5526234539669049,19.992210899579458000000,-1.74137377303112396665432685,-0.01742052224016658680300800,0.49980527248948645,SL,0,2026-10-03 05:29:08.476669+00,2026-10-03 05:44:10.384769+00
1509,ALGO,SHORT,V100_PRO,0.12580706500000002,0.12640317,7944.59034284640883331,19.989711873217008822163862861436,-5.7376635249963113955965934181733338,-0.0574061653453230067156904725891355,0.49974279683042530,SL,0,2026-10-03 05:36:10.787084+00,2026-10-03 05:51:12.387539+00
1510,PONS,SHORT,V100_PRO,0.42448765000000005,0.42561269999999995,2357.56363459664110869,20.01513293950771406680001943695,-3.65445980256165368062940615247310328275,-0.03651696757255245982810785126844207811,0.5003783234876935,SL,0,2026-10-03 05:41:05.935389+00,2026-10-03 05:56:09.74617+00
1511,AKE,LONG,V100_PRO,0.0342341085,0.0342878475,29220.0148944839530,20.006423205387594000000000,0.569148092955086114436416250,0.005689653638855529120765387,0.50016058013468985,TP,0,2026-10-03 05:45:09.977045+00,2026-10-03 06:00:10.771983+00
1512,LIT,SHORT,V100_PRO,3.44877475,3.4553267999999995,289.6352218834542036,19.9777327988460860000000,-2.897539947711416267813501042034649100,-0.029007695486634781670588669001402487,0.49944331997115215,SL,0,2026-10-03 05:53:08.366293+00,2026-10-03 06:08:09.486442+00
1513,TRX,LONG,V100_PRO,0.33535759499999995,0.33525229,2976.64523122196099013,19.964811718216255443740606782741,-1.3115394841714585299199535008004935,-0.0131385109229433149021805689711826,0.49912029295540780,SL,0,2026-10-03 06:01:11.654816+00,2026-10-03 06:16:12.525817+00
1514,ATH,LONG,V100_PRO,0.006811403999999999,0.006720638,146535.986683153259817798,19.9623161167515369307197336630652,-14.291950930436877473513253272302182202,-0.143189305758400197402665543560972115,0.49905790291878835,SL,0,2026-10-03 06:04:10.676204+00,2026-10-03 06:19:14.997047+00
1515,WLFI,SHORT,V100_PRO,0.054432770000000005,0.05448723,18323.365083292873178844,19.9478303440982361676634916707127,-1.995780924872168175622679856694105780,-0.020010005002500330682233741388374760,0.49869575860245595,SL,0,2026-10-03 06:10:06.492054+00,2026-10-03 06:25:11.662541+00
1516,AKE,LONG,V100_PRO,0.034416199499999994,0.035368307,28970.768212436055695941,19.9412747693492693595650352365495,26.572430314506767155270850302890675646,0.266506836918470955197741191875764822,0.49853186923372875,TP,0,2026-10-03 06:18:10.967116+00,2026-10-03 06:33:11.813784+00
1517,LYN,LONG,V100_PRO,0.027163575,0.027046470000000003,36560.600397837987,19.862332219034113121200795675974,-5.2724050059856154308026520827959805,-0.0530894856439172684490654022937505,0.4965583054758510,SL,0,2026-10-03 06:27:09.747901+00,2026-10-03 06:42:10.621611+00
1518,ALICE,LONG,V100_PRO,0.1850925,0.18590700000000002,5364.8444500740608074,19.859849427506662000000,3.3744885003078040096072010804755399260,0.0339830220025133373853295730255648928,0.49649623568766655,TP,0,2026-10-03 06:28:11.078133+00,2026-10-03 06:43:13.152755+00
1519,AKE,LONG,V100_PRO,0.035645814,0.036326827500000006,28043.5758280718796,19.9927217572470642178791403593982,18.08886861246485564138385644706196120,0.18095453767727284807678455944854503,0.49981804393117310,TP,0,2026-10-03 06:34:06.072284+00,2026-10-03 06:49:12.029727+00
1520,NMR,SHORT,V100_PRO,11.4052945,11.431713,87.5310297052159416,19.96634343352472000000,-3.31191189919761697685758040,-0.03317494673197610109914786,0.4991585858381180,SL,0,2026-10-03 06:43:09.874602+00,2026-10-03 06:58:12.341111+00
1521,ALICE,LONG,V100_PRO,0.18779384999999998,0.1887056,5345.26183832896714618,20.076145997557379232867968752244,3.8672984099781202294162892753429236,0.0385263029114116403200930916142735,0.50190364993893710,TP,0,2026-10-03 06:55:09.162419+00,2026-10-03 07:10:12.1419+00
1522,RAYSOL,LONG,V100_PRO,2.0118054,2.0242873500000003,498.8960781024792955,20.0736364793077920000000,5.220400480154965815696463065916755675,0.052012503918123988781794013806926025,0.50184091198269480,TP,0,2026-10-03 06:56:09.932627+00,2026-10-03 07:11:12.705188+00
1523,RESOLV,LONG,V100_PRO,0.024782385,0.02488755,23314.0517194665283,20.0570635081810409314775654442460,1.8728185323314271004731675,0.0324141653436503387294453,0.28888890281086575,TP,0,2026-10-03 07:02:11.199475+00,2026-10-03 07:17:12.434136+00
1524,BR,SHORT,V100_PRO,0.6173511700000001,0.6146471699999999,1626.0975964430917615,20.07746507396661074780480711382,3.395293131034505865292023463006888075,0.033821930393364276960507882492482611,0.50193662684916535,TP,0,2026-10-03 07:11:10.882608+00,2026-10-03 07:26:11.324045+00
1525,QNT,LONG,V100_PRO,266.83335,261.219325,3.7670640865905731,20.1035665977930540000,-22.14299609263193402600007875,-0.22028923061903618869880633,0.50258916494482635,SL,0,2026-10-03 07:12:10.700406+00,2026-10-03 07:16:12.531951+00
1526,RAYSOL,LONG,V100_PRO,2.0598294,2.01509195,485.5659443084365628,20.0036601545056060000000,-22.7123036718491448738288347300,-0.2270814790535565712379235279,0.50009150386264015,SL,0,2026-10-03 07:18:10.859845+00,2026-10-03 07:27:48.172972+00
1527,TRX,LONG,V100_PRO,0.33535759499999995,0.33495244,2982.43732254007978892,20.003660154505549333690871738484,-2.2079282264421504165604750784105540,-0.0220752423245386789399080411822746,0.50009150386264015,SL,0,2026-10-03 07:18:10.859845+00,2026-10-03 07:33:15.309707+00
1528,MUBARAK,LONG,V100_PRO,0.06319158,0.06348824,15744.6175137601956,19.8985451438036329784700550407823,3.6735355753261050763461280,0.0369226548853502317926021,0.49746362859508925,TP,0,2026-10-03 07:36:06.829936+00,2026-10-03 07:51:09.646369+00
1529,BR,SHORT,V100_PRO,0.61011479,0.612316005,1632.2266848899203050,19.91691282168019800000000,-4.59052394419506580713356576250,-0.04609674185246353395234764349,0.49792282054200495,SL,0,2026-10-03 08:08:10.337684+00,2026-10-03 08:23:11.393697+00
1530,BCH,LONG,V100_PRO,311.80582499999997,310.434705,3.1934014073626581,19.914423207577398113998623538,-5.372068429773035069674459370257,-0.053951534260143156364994892922,0.49786058018943730,SL,0,2026-10-03 08:09:09.917036+00,2026-10-03 08:24:13.475818+00
1531,MAGMA,SHORT,V100_PRO,0.240349765,0.23859924,1050.2821019635913936,19.9119339046765442312960764300028,1.5870292926874305021898895680,0.0628688152659521010974861972,0.126217528195327615,TP,0,2026-10-03 08:12:08.407492+00,2026-10-03 08:27:11.398787+00
1532,DOGE,SHORT,V100_PRO,0.09240377500000001,0.09254625,10749.81448115587260912,19.866468772169379850037103768825,-2.5256690467201458395654463412739088,-0.0254264517331667434121118340171793,0.49666171930423455,SL,0,2026-10-03 08:25:10.61926+00,2026-10-03 08:40:13.265471+00
1533,MAGIC,SHORT,V100_PRO,0.05647175000000001,0.05640819,17587.54196883650363455,19.863985463572786132323730886685,0.1252238264445507584549928827863455,0.0012608127072403447279714436237996,0.4965996365893215,TP,0,2026-10-03 08:26:10.300739+00,2026-10-03 08:41:13.393255+00
1534,ZRO,LONG,V100_PRO,1.7873932499999998,1.7568211500000002,555.8393123475858551,19.87006869949433222335724939034,-17.978181888475612981401959882916545510,-0.180957420534063243324424582903665503,0.49675171748735825,SL,0,2026-10-03 08:30:10.085095+00,2026-10-03 08:45:11.429614+00
1535,BCH,LONG,V100_PRO,311.77581,310.75454500000006,3.1850689477135805,19.86054902158498400000,-4.2442004902463246300468918665774150,-0.0427400117250898980483210232732120,0.49651372553962460,SL,0,2026-10-03 08:42:12.012945+00,2026-10-03 08:57:14.016584+00
1536,VELVET,LONG,V100_PRO,0.08214105000000001,0.07986005,9464.74477885907113864,19.86054902158505466407273537956,-22.3557323732748490967283022567113864,-0.2875542192363026425210998669322573,0.3887220370587510,SL,0,2026-10-03 08:42:12.012945+00,2026-10-03 08:48:11.065146+00
1537,RAYSOL,LONG,V100_PRO,2.0192091000000003,2.02148875,489.5163084377206170,19.76871569191699611127130560161,0.12693210500778559819723930881490,0.00128417148575499095875153592700,0.49421789229792620,TP,0,2026-10-03 08:46:11.016445+00,2026-10-03 09:01:15.284705+00
1538,ZRO,LONG,V100_PRO,1.80440175,1.9128431000000001,544.6794083073372102,19.65640955077442153205916926628,58.053416991333168189076470508354159490,0.590681801184243475434066444392148615,0.49141023876936190,TP,0,2026-10-03 08:50:06.950324+00,2026-10-03 10:17:40.020258+00
1539,XRP,SHORT,V100_PRO,1.4802595000000003,1.48484205,663.2355362609425584,19.63521406575709402058678243434,-4.02259036498358444200849207723248,-0.04097322648494874662723525515602,0.49088035164392745,SL,0,2026-10-03 09:00:12.136561+00,2026-10-03 09:15:15.766432+00
1540,AKE,SHORT,V100_PRO,0.03242977700000001,0.032604294,30274.43792472794670329,19.6358654139852505729227914146771,-6.2678390560503694526040126141629671,-0.0638407212914199012713776551231560,0.49089663534963520,SL,0,2026-10-03 09:02:10.369838+00,2026-10-03 09:17:11.245257+00
1541,ONE,LONG,V100_PRO,0.00262361115,0.00252803535,210908.6488311216393,19.6157523807419858752011671770796,-20.7010262402388040155591146275,-0.3741088813790107577500548429,0.27667114135238260,SL,0,2026-10-03 09:16:10.508411+00,2026-10-03 09:23:38.080573+00
1542,XRP,SHORT,V100_PRO,1.48135895,1.48244085,661.0647714023563971,19.5854843129316940000000,-1.6948377948148841906824207675,-0.0173070807720168025450552764,0.48963710782329235,SL,0,2026-10-03 09:22:07.602591+00,2026-10-03 09:37:11.523485+00
1543,LSK,SHORT,V100_PRO,0.28034975500000003,0.28049017499999995,3474.39475235106660167,19.480914351898213403258195610692,-1.46216416597532855003598130202020135825,-0.01501124782505766573494748434512644104,0.48702285879745365,SL,0,2026-10-03 09:24:08.771581+00,2026-10-03 09:39:12.187792+00
1544,GRASS,LONG,V100_PRO,0.73246605,0.7414291000000001,1329.2393029116639604,19.472453234169332923930291166,10.934458653087081322900642200812841980,0.112306944806521748687199644833961882,0.486811330854230,TP,0,2026-10-03 09:38:10.768256+00,2026-10-03 09:53:12.841933+00
1545,RAYSOL,LONG,V100_PRO,2.04832365,2.0561714,475.1481405533506387,19.4651434709790440000000,2.753722224568591496124588410,0.028293880583764191757447057,0.48662858677447610,TP,0,2026-10-03 09:40:11.4352+00,2026-10-03 09:55:12.407501+00
1546,GTC,SHORT,V100_PRO,0.12423785,0.12284139,7855.8252086481189106,19.5198166779648740000000,9.9998400098059428099647811330,0.1024583393869098668400835394,0.48799541694912185,TP,0,2026-10-03 09:54:09.884339+00,2026-10-03 10:09:11.70953+00
1547,WLD,LONG,V100_PRO,0.56998485,0.6038979,1713.5173377798413414,19.5335784549368440000000,57.104864929671808878762948470,0.584684112656678506455048578,0.48833946137342110,TP,0,2026-10-03 09:56:09.991843+00,2026-10-03 10:36:45.630948+00
1548,ARB,LONG,V100_PRO,0.2029014,0.20157916,4825.8848718549389014,19.583575934763657482302562901222,-7.3569663206931813757849034120,-0.0751340444176333923767463899,0.48958939836909385,SL,0,2026-10-03 10:11:11.907842+00,2026-10-03 10:26:13.208037+00
1549,GRASS,LONG,V100_PRO,0.7561779,0.7405295500000001,1314.0989788198267894,19.8738521239224220000000,-21.546891621033618677430720343312399470,-0.216836589974394914874007345285488991,0.49684630309806055,SL,0,2026-10-03 10:19:12.73391+00,2026-10-03 10:33:24.620875+00
1550,TRX,LONG,V100_PRO,0.33679831499999996,0.33641171000000003,2944.94213959997281399,19.837031007795341805375107679706,-2.12981164159166692313090795735261290985,-0.02147308879796296133169083279858507863,0.49592577519488275,SL,0,2026-10-03 10:30:11.080404+00,2026-10-03 10:45:15.195825+00
1551,AR,LONG,V100_PRO,4.739368499999999,4.7516229999999995,208.1427214652085205,19.7293011523294540201329640956,1.562944580088921234961777220562380125,0.015843891965776669052049145517305833,0.49323252880824145,TP,0,2026-10-03 10:34:11.072363+00,2026-10-03 10:49:12.506734+00
1552,DOT,LONG,V100_PRO,1.1837916,1.18470735,845.3684335841226615,20.0148010116408460000000,-0.2269809805989093029216810125,-0.0022681312741195325255598166,0.50037002529102115,SL,0,2026-10-03 10:38:05.751938+00,2026-10-03 10:53:10.33503+00
1553,ZRO,LONG,V100_PRO,1.9562776499999999,1.9734128,511.2804343540500251,20.00412973218245615060430411310,7.75628001464537028994936976500251,0.07754678777319825141091731769652,0.50010324330456010,TP,0,2026-10-03 10:47:10.978634+00,2026-10-03 11:02:14.160601+00
1554,JTO,LONG,V100_PRO,0.54037005,0.5333332,1851.6857199534250649,20.0119101015103660000000,-14.024115146200550338353227340,-0.140157686848114546688928417,0.50029775253775915,SL,0,2026-10-03 10:53:09.466958+00,2026-10-03 11:08:11.848211+00
1555,MAGMA,SHORT,V100_PRO,0.23459264500000002,0.23793891,976.68756037167717030,20.0107755579711362193626479996774,-3.4990132450329032779092552529565940,-0.1527128345178929077070618582512492,0.114561859063094475,SL,0,2026-10-03 10:55:07.216424+00,2026-10-03 11:10:15.369393+00
1556,EVAA,LONG,V100_PRO,0.77468715,0.76691635,1294.1665977656641136,20.0514846649655740000000,-11.0542556762667426826269286800,-0.1102587250866365861366291805,0.50128711662413935,SL,0,2026-10-03 11:04:10.70909+00,2026-10-03 11:19:14.501367+00
1557,TRX,LONG,V100_PRO,0.33736859999999996,0.33645168999999997,2958.84633090991461077,19.964436885484174013223828331347,-3.70986113565415742718974598785517313845,-0.03716469597348390198905845887028603006,0.49911092213710725,SL,0,2026-10-03 11:17:12.244392+00,2026-10-03 11:32:13.134696+00
1558,DOT,LONG,V100_PRO,1.1873934,1.1964015000000001,838.3563732152877050,19.90917648807547183563732152877,6.552763222134167252533224118006114750,0.065826562199184364255442408244734311,0.49772941220188470,TP,0,2026-10-03 11:21:09.790829+00,2026-10-03 11:36:14.013426+00
1559,US,SHORT,V100_PRO,0.022322833,0.0222501195,44588.1753472204491,19.906687841014382000000000,2.248448977203450082973516275,0.022589885320559446909703865,0.49766719602535955,TP,0,2026-10-03 11:27:09.776489+00,2026-10-03 11:42:11.38103+00
1560,AERO,LONG,V100_PRO,0.798399,0.7994001,1245.5016698396834164,19.888145753966668000000,0.251840998117335414638789180,0.002532573938594612468052872,0.49720364384916670,TP,0,2026-10-03 11:33:09.177265+00,2026-10-03 11:48:11.840345+00
1561,EVAA,LONG,V100_PRO,0.7815905999999999,0.7706145000000001,1274.3827906143642560,19.92091219891897911048651979230,-14.976804681533992799420272657867012800,-0.150362639340849307855233630456991022,0.49802280497297760,SL,0,2026-10-03 11:37:11.261588+00,2026-10-03 11:52:14.768234+00
1562,ATOM,LONG,V100_PRO,1.7018505,1.6921535,585.6023389175600324,19.93215266576038000000,-6.672354220831356844325686700,-0.066950663410211413987705401,0.4983038166440095,SL,0,2026-10-03 11:43:10.066625+00,2026-10-03 11:58:11.986711+00
1563,ZRO,LONG,V100_PRO,1.9934962499999997,2.0119935,499.9609698259275130,19.93340636988699299976581895557,8.24660877909388178431661502825390,0.08274159093602660467606477516267,0.49833515924717475,TP,0,2026-10-03 11:52:09.405209+00,2026-10-03 12:07:11.4698+00
1564,BR,SHORT,V100_PRO,0.5929034,0.593746725,1674.6843402068495475,19.8585207847079560000000,-2.40593536202594166534336596875,-0.02423076107338902087590724374,0.49646301961769890,SL,0,2026-10-03 11:53:10.570386+00,2026-10-03 12:08:11.391834+00
1565,RAYSOL,LONG,V100_PRO,2.07993945,2.07826035,476.5804172229371389,19.8251682175889280000000,-1.7910844763492006330861463075,-0.0180687947430392745323831760,0.49562920543972320,SL,0,2026-10-03 12:00:05.618712+00,2026-10-03 12:15:10.030824+00
1566,DOT,LONG,V100_PRO,1.2047020499999999,1.1900047000000002,824.1401859298486978,19.85686742954131523426177887483,-13.099463794772046409304509468375529780,-0.131938875467172164016649328202288042,0.49642168573853490,SL,0,2026-10-03 12:12:11.31983+00,2026-10-03 12:27:14.628701+00
1567,LDO,LONG,V100_PRO,0.46313144999999994,0.45947015,2143.76149898062402937,19.856867429541484322973758001710,-8.8378728707065911179765613153082378,-0.0890157815885736221129960147683349,0.49642168573853490,SL,0,2026-10-03 12:12:11.31983+00,2026-10-03 12:27:14.628701+00
1568,ARK,LONG,V100_PRO,0.22451219999999997,0.23798095000000002,4419.67651119392724578,19.845425936329508848571018655629,58.50548295432188376113736563892301654220,0.58961176385960548129835523997185466275,0.49613564840823655,TP,0,2026-10-03 12:18:08.05343+00,2026-10-03 12:34:27.827913+00
1569,ALGO,LONG,V100_PRO,0.128874405,0.12836578499999998,7657.9297462585429589,19.73822279161741400000000,-4.8799398790092728917090563265237484110,-0.0494465984149467064465061860024392124,0.49345556979043535,SL,0,2026-10-03 12:29:10.711561+00,2026-10-03 12:44:11.699107+00
1570,NEAR,SHORT,V100_PRO,4.639679000000001,4.64232,212.6844929764370956,19.7357555137684537463101404713,-1.5487683715119558638095195629044,-0.0156950502394648399826520729101,0.49339388784421145,SL,0,2026-10-03 12:30:05.843807+00,2026-10-03 12:45:07.476059+00
1571,ARK,LONG,V100_PRO,0.23641815,0.2282858,2659.3251769399422168,20.028296637342893383839084454531,-22.244462559716759117251460720,-0.353809636654377001088938477,0.31435636929028190,SL,0,2026-10-03 12:35:11.309426+00,2026-10-03 12:46:36.616278+00
1572,BNB,LONG,V100_PRO,772.496055,771.783915,1.2873764792611059,19.88986503057987200000,-1.91082714132702706499179925,-0.01921407851073103526966984,0.49724662576449680,SL,0,2026-10-03 12:50:09.473544+00,2026-10-03 13:05:11.547668+00
1573,TIA,LONG,V100_PRO,0.45872925,0.4587705,2167.6597685291541797,19.887378797451136706390741166167,-0.904997682403450803886404425,-0.009101226376996888687667818,0.49718446993627625,SL,0,2026-10-03 12:56:11.724399+00,2026-10-03 13:11:15.155582+00
1574,USELESS,LONG,V100_PRO,0.234086985,0.23251368500000003,4247.8608534026464564,19.88737879745105000000000,-7.6741868407904796059113086386460048460,-0.0771764536588811212635356857141357862,0.49718446993627625,SL,0,2026-10-03 12:56:11.724399+00,2026-10-03 13:11:15.155582+00
1575,OP,LONG,V100_PRO,0.13299646499999998,0.132603665,7472.13057511486376305,19.875339050173876988852230045946,-3.9273523159687102589925984918497390,-0.0395198522757713950547278757341289,0.49688347625434685,SL,0,2026-10-03 13:07:09.279963+00,2026-10-03 13:22:09.795783+00
1576,ATH,LONG,V100_PRO,0.0072666315,0.007162417,136479.5404505925201,19.834930554875996000000000,-15.20778202249792984897999085,-0.15334343601983945380907627,0.49587326387189990,SL,0,2026-10-03 13:12:11.198069+00,2026-10-03 13:27:12.501468+00
1577,ICP,SHORT,V100_PRO,3.2733625,3.2806395,302.9369828205192062,19.83245118855675717479312820768,-3.197197219624742522701582450,-0.032242078291053923907990479,0.49581127971391590,SL,0,2026-10-03 13:18:09.450909+00,2026-10-03 13:33:12.02746+00
1578,BR,SHORT,V100_PRO,0.5576010600000001,0.54981477,1776.6124572969329046,19.81281978795949044677508540613,12.84949543063380202367962322229046,0.12970890128867579005167659547446,0.49532049469898735,TP,0,2026-10-03 13:23:10.534039+00,2026-10-03 13:42:39.498465+00
1579,DOT,LONG,V100_PRO,1.19809875,1.2059967,823.6709887934058023,19.7367836416928700000000,5.515220447713265416607958795,0.055887732751578281840181154,0.49341959104232175,TP,0,2026-10-03 13:29:09.758189+00,2026-10-03 13:44:11.481766+00
1580,ATH,LONG,V100_PRO,0.0072486224999999994,0.007328334000000001,136031.4295166985563972821,19.72080961403816004494896087980524,9.85180717857166916123490411298025745271895,0.09991280653669246231924533682520006463432,0.49302024035095260,TP,0,2026-10-03 13:34:09.73831+00,2026-10-03 13:49:11.465467+00
1581,SUPER,LONG,V100_PRO,0.26035010999999997,0.25929029,3799.70428905580648301,19.785068592462906288693901759289,-5.0142425279503482302767580122555097,-0.0506871381771250312535498758834812,0.49462671481157545,SL,0,2026-10-03 13:43:11.270163+00,2026-10-03 13:58:13.295898+00
1582,NEAR,SHORT,V100_PRO,4.6276850000000005,4.646322,214.0664139746194032,19.81263865908262482612887294410,-4.98218246807763392158892789029840,-0.05029297262021831160831604449227,0.49531596647706835,SL,0,2026-10-03 13:45:08.864082+00,2026-10-03 14:00:11.994582+00
1583,WLD,LONG,V100_PRO,0.6075035999999999,0.60659655,1634.7134581873231096,19.86188621634480179808109764234,-2.47511976964477173122617720768904,-0.02492331033099886485020174429641,0.49654715540862405,SL,0,2026-10-03 13:55:09.586976+00,2026-10-03 14:10:14.010451+00
1584,BNB,LONG,V100_PRO,775.377495,775.13224,1.2777241535101702,19.81437106899422400000,-1.3039301066002134373546240,-0.0131614584390278181797354,0.49535927672485560,SL,0,2026-10-03 14:02:08.95509+00,2026-10-03 14:17:11.17698+00
1585,ATOM,LONG,V100_PRO,1.7138565,1.705147,578.0638889251878439,19.814371068994224000000,-6.02284867032333776467832665,-0.06079273118840463014266080,0.49535927672485560,SL,0,2026-10-03 14:02:08.95509+00,2026-10-03 14:17:11.17698+00
1586,NEAR,SHORT,V100_PRO,4.6186895,4.638318,214.3413690523663909,19.799524613155792000000,-5.19927939288338549053390310,-0.05251923462272144512087289,0.49498811532889480,SL,0,2026-10-03 14:11:10.705178+00,2026-10-03 14:26:12.438265+00
1587,FET,LONG,V100_PRO,0.22621304999999997,0.2272863,4368.75091235049936802,19.76536937146178262125054741030,3.6981490671488753570000334519810406,0.0374204903298032596820347440354394,0.4941342342865445,TP,0,2026-10-03 14:20:08.85759+00,2026-10-03 14:35:10.320617+00
1588,SEI,LONG,V100_PRO,0.07164580499999999,0.071534215,13793.80786597469507026,19.76536937146178275876157319494,-2.5267498628271852956693631259992974,-0.0255674438998891868920218763795418,0.4941342342865445,SL,0,2026-10-03 14:20:08.85759+00,2026-10-03 14:35:10.320617+00
1589,1000BONK,LONG,V100_PRO,0.0037328655,0.003724137,264366.698622427462,19.7369065727312193100095867282387,-3.2932162951979521725921470,-0.0333711494560947883110258,0.4934226643182785,SL,0,2026-10-03 14:27:11.905071+00,2026-10-03 14:42:13.723502+00
1590,VIRTUAL,LONG,V100_PRO,0.7927962,0.7984006,1245.2908955526036830,19.74523779777414652908955526037,5.988356850998793474970495100,0.060656214043407372537801572,0.49363094494435055,TP,0,2026-10-03 14:38:09.219829+00,2026-10-03 14:53:11.334583+00
1591,WLD,LONG,V100_PRO,0.61820895,0.6084956,1596.9712018706637942,19.7452377977740220000000,-16.491446143467268059317572760,-0.167042264189154815697753631,0.49363094494435055,SL,0,2026-10-03 14:38:09.219829+00,2026-10-03 14:53:11.334583+00
1592,WIF,LONG,V100_PRO,0.25162575,0.25187400000000004,3919.7702381751831838,19.7263025201701820000000,-0.0137187058621766568257483561763116760,-0.0001390904945125854567185130886618226,0.49315756300425455,SL,0,2026-10-03 14:44:12.392362+00,2026-10-03 14:59:15.725259+00
1593,VIRTUAL,LONG,V100_PRO,0.8019007499999999,0.7994001,1226.8511779881900880,19.6762575953422624537023559764,-4.05020431530403983602250558099120,-0.04116844166812289877113060900715,0.4919064398835565,SL,0,2026-10-03 14:55:10.3714+00,2026-10-03 15:10:10.979686+00
1594,SUPER,LONG,V100_PRO,0.269684775,0.27210388,3647.5544574481154896,19.673798063142951426633723443465,7.8357154140149888097646781760,0.0796563570375821178632790566,0.49184495157857105,TP,0,2026-10-03 14:58:10.737254+00,2026-10-03 15:04:16.288619+00
1595,TRX,LONG,V100_PRO,0.33694839,0.33653165,2919.3990261640163943,19.67373603267066400000000,-2.1997088366220435960609967975,-0.0223618821861710038145960738,0.49184340081676660,SL,0,2026-10-03 15:04:07.120739+00,2026-10-03 15:19:10.919312+00
1596,TIA,LONG,V100_PRO,0.47543759999999996,0.47326325,2073.13374220870895134,19.712914617494566389844415854057,-5.4911102240699648713040707791419464,-0.0557107899122820787174506202416449,0.49282286543736360,SL,0,2026-10-03 15:09:10.730674+00,2026-10-03 15:24:11.870019+00
1597,PUMPBTC,LONG,V100_PRO,0.010315155,0.010144924999999999,60863.5185928556963,19.6926590137902318887151950184752,-10.98343299980754350162897230926845185,-0.17494651316436931825093025834078840,0.31390831406534420,SL,0,2026-10-03 15:11:05.055122+00,2026-10-03 15:26:10.683323+00
1598,LINK,SHORT,V100_PRO,13.816088500000001,13.8299115,71.1401012965708007,19.657558708247809717299270639,-1.9667392404449252515573724541993,-0.0200100050025005257443926676732,0.4914389677061935,SL,0,2026-10-03 15:26:10.683323+00,2026-10-03 15:41:11.64876+00
1599,INJ,LONG,V100_PRO,7.721858999999999,7.684156,126.9238009265676733,19.6017538899804985384760185314,-5.7631030568001117357260908323267,-0.0588019122079268805337928845534,0.49004384724951240,SL,0,2026-10-03 15:28:09.173229+00,2026-10-03 15:43:11.612717+00
1600,CRV,LONG,V100_PRO,0.3811905,0.3800099,2570.8016950506699406,19.599303670744248000000,-4.013536120473444921402565970,-0.040955905249475000032831370,0.48998259176860620,SL,0,2026-10-03 15:29:09.983844+00,2026-10-03 15:44:11.075417+00
1601,BCH,LONG,V100_PRO,314.407125,313.86299,3.1153042820549490,19.58947725642171200000,-2.6737723852892972928337550,-0.0272980473168348204214074,0.48973693141054280,SL,0,2026-10-03 15:42:10.460232+00,2026-10-03 15:57:10.825923+00
1602,US,SHORT,V100_PRO,0.020071959,0.020719354500000002,33368.0303659841374,19.543045508073394295746262213768,-22.28287559656973973565411648425893740,-0.33269854564270582706544018657045327,0.33488086870839430,SL,0,2026-10-03 15:45:05.188878+00,2026-10-03 15:55:14.935322+00
1603,ATOM,LONG,V100_PRO,1.728864,1.7221385000000002,565.1990413379360088,19.543045508073388000000,-4.852305278371402569541445946591840880,-0.049657616325632323285424506094035286,0.48857613770183470,SL,0,2026-10-03 15:45:05.188878+00,2026-10-03 16:00:09.945992+00
1604,RAYSOL,LONG,V100_PRO,2.12916405,2.13363265,455.4944797802048179,19.396449426429280000000,1.0645824497081863376885677825,0.0109770858191974451188983376,0.4849112356607320,TP,0,2026-10-03 16:05:08.117237+00,2026-10-03 16:20:10.811324+00
1605,ATOM,LONG,V100_PRO,1.7298645,1.727136,560.6349348873650508,19.396449426429286000000,-2.49875004495171975329705440,-0.02576502523752582933560224,0.48491123566073215,SL,0,2026-10-03 16:05:08.117237+00,2026-10-03 16:20:10.811324+00
1606,SUPER,LONG,V100_PRO,0.26737362,0.26082952000000004,3176.3304317014109320,19.39160031407269573542278985096,-21.6250978319481966887686968975909386400,-0.2546325089962113696931120023380151398,0.4246334829200845,SL,0,2026-10-03 16:06:10.868467+00,2026-10-03 16:12:55.943876+00
1607,FET,LONG,V100_PRO,0.23101544999999998,0.22668660000000002,4173.63315417062704452,19.283474824912852196790178255710,-19.02217210473728296037571043262448964520,-0.19728987931326499567798790579582777496,0.48208687062282335,SL,0,2026-10-03 16:13:06.125675+00,2026-10-03 16:28:07.576389+00
1608,SUPER,LONG,V100_PRO,0.266863365,0.26218884000000003,3412.0980298795539058,19.278742664940159898360722484111,-16.8525265363145863488899046975761345870,-0.1850778994149298093052188038449655196,0.45528198098176415,SL,0,2026-10-03 16:25:10.468969+00,2026-10-03 16:40:11.551276+00
1609,VELVET,LONG,V100_PRO,0.08422209,0.08178908500000001,8126.3600691699671666,19.27646625503533405973409296112,-20.4460079718687885052228699266781698330,-0.2987352353165291914508237078103884111,0.34220951455901960,SL,0,2026-10-03 16:28:06.814692+00,2026-10-03 16:37:40.377355+00
1610,ONE,LONG,V100_PRO,0.0025078532999999997,0.0025374306500000002,382439.7300530285861345714,19.18205478129197653861138562103013,10.346795233744697403836405659293503672242860,0.107879946665941358238132988587683874885997,0.47955136953229840,TP,0,2026-10-03 16:29:08.889693+00,2026-10-03 16:44:11.469976+00
1611,MON,LONG,V100_PRO,0.03225612,0.03268365,29574.4466974914001,19.0791380321578442977867899656003,11.6836843133723227353138175,0.1224760185043954449605336,0.47697845080394315,TP,0,2026-10-03 16:38:04.554218+00,2026-10-03 16:53:06.737922+00
1612,WIF,LONG,V100_PRO,0.25542765,,3718.2284136284854048,18.994766917127040000000,,,0.4748691729281760,ARCHIVED,0,2026-10-03 16:41:06.703431+00,2026-10-03 16:55:20.467529+00
1613,PUMP,LONG,V100_PRO,0.0061340655,,155252.0453545759008,19.046524304278786000000000,,,0.47616310760696965,ARCHIVED,0,2026-10-03 16:45:08.174752+00,2026-10-03 16:55:20.467529+00
1614,SUPER,LONG,PRO,0.25900944,0.26396795,642.5474223392812247,25.0000000000000188821162745024367,3.0180589322004368508084228175,0.1813455642775027813661689463,0.083212924016770360,TP,0,2026-10-03 16:55:28.670861+00,2026-10-04 00:18:40.32818+00
1615,STRK,LONG,PRO,0.050895434999999996,0.055642165,3992.937185860104270093,25.00000000000000374994642351482908,18.740695755871603999370429694744580372,0.922177244383509910244582200620347103,0.101611137501012920,TP,0,2026-10-03 16:55:28.670861+00,2026-10-04 00:18:40.32818+00
1616,ZRO,LONG,PRO,2.0639314499999997,1.99060420,69.5505316413583992,25.00000000000000648937862130750,-5.24094677630694712415510591248024,-0.36510184398323748011739554981169,0.07177376480940985,SL,0,2026-10-03 16:55:28.670861+00,2026-10-04 00:18:40.32818+00
1617,AXS,LONG,DONCH4H,1.3123144650346248,,254.8432783743087639,54.3034556064437917894370891233,,,0.5016517807911765,OPEN,2,2026-10-04 04:00:16.501848+00,
